time,device_id,lat,lon,altitude_m,battery_voltage,solar_voltage,ambient_lux,uv_index
2026-05-15T14:00:30.323+00:00,stratolink-3,,,,3.94,0.42,45,0
2026-05-15T16:48:38.570605+00:00,stratolink-3,-208.3533648,-122.3978122,4,3.68,3.44,6314,0
2026-05-15T16:50:41.57181+00:00,stratolink-3,37.7784616,-122.3978122,1,4.032,3.714,6324,0
2026-05-15T16:52:44.588198+00:00,stratolink-3,37.7785139,-122.3978633,1,4.356,3.878,6325,0
2026-05-15T16:54:46.584373+00:00,stratolink-3,37.7785132,-122.3978603,-8,4.684,4.072,6363,0
2026-05-15T16:55:49.567925+00:00,stratolink-3,37.7785257,-122.3979067,-17,4.806,4.174,6382,0
2026-05-15T16:56:51.595443+00:00,stratolink-3,37.7785276,-122.3979245,-19,4.948,4.286,6382,0
2026-05-15T16:57:54.572143+00:00,stratolink-3,37.7785022,-122.3979193,-17,5.066,4.262,6406,0
2026-05-15T16:58:56.407244+00:00,stratolink-3,37.7785077,-122.3978832,-11,5.154,4.322,6416,0
2026-05-15T16:59:59.586286+00:00,stratolink-3,37.7785077,-122.3979325,-18,5.244,4.368,6438,0
2026-05-15T17:01:01.601297+00:00,stratolink-3,37.7785137,-122.3979325,-16,5.296,4.418,6451,0
2026-05-15T17:02:04.779124+00:00,stratolink-3,37.7785049,-122.3978975,-16,5.356,4.544,6468,0
2026-05-15T17:03:06.605765+00:00,stratolink-3,37.7785305,-122.3979078,-18,5.408,4.766,6485,0
2026-05-15T17:04:09.598293+00:00,stratolink-3,37.7785263,-122.3979524,-16,5.402,4.818,6509,0
2026-05-15T17:05:12.59302+00:00,stratolink-3,37.778516,-122.3979185,-12,5.392,4.942,6546,0
2026-05-15T17:06:15.086286+00:00,stratolink-3,37.7785123,-122.3979152,-11,5.396,5.026,6558,0
2026-05-15T17:07:18.584381+00:00,stratolink-3,37.7785123,-122.3978904,-8,5.398,4.974,6558,0
2026-05-15T17:08:21.591646+00:00,stratolink-3,37.7785097,-122.3978904,2,5.398,4.846,6561,0
2026-05-15T17:09:23.590199+00:00,stratolink-3,37.7784794,-122.3978077,-8,5.4,4.94,6582,0
2026-05-15T17:10:26.596841+00:00,stratolink-3,37.7785117,-122.3978912,-8,5.412,4.98,6617,0
2026-05-15T17:11:29.583987+00:00,stratolink-3,37.7785203,-122.3979117,-13,5.406,4.922,6643,0
2026-05-15T17:12:32.583582+00:00,stratolink-3,37.7784805,-122.397923,-5,5.406,5.004,6681,0
2026-05-15T17:13:35.755828+00:00,stratolink-3,37.7784858,-122.3979241,-7,5.406,5.052,6771,0
2026-05-15T17:14:37.965301+00:00,stratolink-3,37.7784651,-122.3980311,-14,5.398,5.258,6857,0
2026-05-15T17:15:41.582379+00:00,stratolink-3,37.7784651,-122.3978785,0,5.412,5,7006,0
2026-05-15T17:16:44.597313+00:00,stratolink-3,37.7784598,-122.3978785,-3,5.396,5.024,7192,0
2026-05-15T17:17:47.577314+00:00,stratolink-3,37.7784298,-122.3978506,-3,5.406,5.064,7486,0
2026-05-15T17:18:49.580057+00:00,stratolink-3,37.7784573,-122.3978732,-9,5.398,5.142,7824,0
2026-05-15T17:19:53.584952+00:00,stratolink-3,37.7784788,-122.3978408,-9,5.406,5.172,8218,0
2026-05-15T17:20:56.583687+00:00,stratolink-3,37.7784818,-122.3979137,-22,5.392,5.14,8738,0
2026-05-15T17:21:59.590403+00:00,stratolink-3,37.7785051,-122.3979396,-10,5.406,5.128,8738,0
2026-05-15T17:23:01.724482+00:00,stratolink-3,37.7784909,-122.3978914,-12,5.398,4.896,8738,0
2026-05-15T17:24:03.586708+00:00,stratolink-3,37.7785047,-122.3978942,-9,5.4,5.032,8738,0
2026-05-15T17:25:06.597274+00:00,stratolink-3,37.7785047,-122.3978856,-10,5.406,5.048,8738,0
2026-05-15T17:26:09.780962+00:00,stratolink-3,37.7785054,-122.3978856,-1,5.406,5.142,8738,0
2026-05-15T17:27:11.606918+00:00,stratolink-3,37.778503,-122.3979122,-6,5.406,5.09,8738,0
2026-05-15T17:28:15.719732+00:00,stratolink-3,37.7784993,-122.3979238,-6,5.412,4.924,8738,0
2026-05-15T17:29:19.583597+00:00,stratolink-3,37.7784888,-122.3979149,-5,5.4,5.102,8738,0
2026-05-15T17:30:22.583555+00:00,stratolink-3,37.7784946,-122.3979175,-10,5.386,5.168,8738,0
2026-05-15T17:31:25.800498+00:00,stratolink-3,37.7784624,-122.3978381,-5,5.412,4.992,8738,0
2026-05-15T17:32:28.124726+00:00,stratolink-3,37.7784728,-122.3978765,-5,5.398,5.182,8738,0
2026-05-15T17:33:31.580071+00:00,stratolink-3,37.7784728,-122.3978576,-6,5.404,5.154,8738,0
2026-05-15T17:34:33.584814+00:00,stratolink-3,37.7784543,-122.3978286,-8,5.396,5.19,8738,0
2026-05-15T17:35:36.581629+00:00,stratolink-3,37.7784768,-122.3978286,-5,5.4,5.464,8738,0
2026-05-15T17:36:40.717633+00:00,stratolink-3,37.7784762,-122.3978208,-5,5.404,5.194,8738,0
2026-05-15T17:37:44.584921+00:00,stratolink-3,37.7785085,-122.3979483,-15,5.406,5.2,8738,0
2026-05-15T17:38:47.596407+00:00,stratolink-3,37.7784825,-122.3979162,-8,5.396,5.206,8738,0
2026-05-15T17:39:50.812909+00:00,stratolink-3,37.7784824,-122.3979015,-9,5.398,5.206,8738,0
2026-05-15T17:40:53.23623+00:00,stratolink-3,37.7784654,-122.3978685,-2,5.398,5.2,8738,0
2026-05-15T17:41:56.576194+00:00,stratolink-3,37.7784654,-122.397895,-6,5.392,5.198,8738,0
2026-05-15T17:42:59.589265+00:00,stratolink-3,37.778477,-122.397895,-7,5.4,5.206,8738,0
2026-05-15T17:44:02.573797+00:00,stratolink-3,37.7784721,-122.3978617,-7,5.4,5.194,8738,0
2026-05-15T17:45:04.580181+00:00,stratolink-3,37.7784671,-122.3978314,-7,5.388,5.206,8738,0
2026-05-15T17:46:08.568213+00:00,stratolink-3,37.7784611,-122.3978594,-6,5.388,5.206,8738,0
2026-05-15T17:47:12.586294+00:00,stratolink-3,37.7784643,-122.3978854,-5,5.398,5.218,8738,0
2026-05-15T17:48:16.589959+00:00,stratolink-3,37.7784576,-122.3978792,-6,5.398,5.224,8738,0
2026-05-15T17:49:19.504497+00:00,stratolink-3,37.7784599,-122.3978331,-1,5.4,5.206,8738,0
2026-05-15T17:50:22.591918+00:00,stratolink-3,37.7784599,-122.3978624,-8,5.4,5.224,8738,0
2026-05-15T17:51:25.728303+00:00,stratolink-3,37.7784519,-122.3978624,-15,5.392,5.224,8738,0
2026-05-15T17:52:28.578895+00:00,stratolink-3,37.7784496,-122.3979859,-15,5.406,5.214,8738,0
2026-05-15T17:53:31.576357+00:00,stratolink-3,37.7784602,-122.3979831,-11,5.41,5.22,8738,0
2026-05-15T17:54:34.585689+00:00,stratolink-3,37.7784971,-122.3979308,-13,5.4,5.23,8738,0
2026-05-15T17:55:37.588709+00:00,stratolink-3,37.7785033,-122.3979506,-14,5.41,5.538,8738,0
2026-05-15T17:56:40.04596+00:00,stratolink-3,37.7784803,-122.3979706,-11,5.398,5.218,8738,0
2026-05-15T17:57:43.596533+00:00,stratolink-3,37.7784803,-122.397888,-5,5.398,5.22,8738,0
2026-05-15T17:58:46.575303+00:00,stratolink-3,37.7784498,-122.397888,-13,5.388,5.228,8738,0
2026-05-15T17:59:49.600568+00:00,stratolink-3,37.7784341,-122.3979622,-13,5.392,5.218,8738,0
2026-05-15T18:00:51.591963+00:00,stratolink-3,37.7784717,-122.3979027,-5,5.406,5.232,8738,0
2026-05-15T18:01:54.579251+00:00,stratolink-3,37.7784729,-122.3979192,-4,5.386,5.232,8738,0
2026-05-15T18:02:57.592261+00:00,stratolink-3,37.7784564,-122.3978998,-5,5.386,5.22,8738,0
2026-05-15T18:04:01.574688+00:00,stratolink-3,37.7784455,-122.397936,-2,5.398,5.218,8738,0
2026-05-15T18:05:05.716656+00:00,stratolink-3,37.7784576,-122.3978985,0,5.406,5.224,8738,0
2026-05-15T18:06:09.582319+00:00,stratolink-3,37.7784568,-122.3978699,-1,5.412,5.23,8738,0
2026-05-15T18:07:12.641067+00:00,stratolink-3,37.7784672,-122.3978366,-5,5.392,5.224,8738,0
2026-05-15T18:08:16.601393+00:00,stratolink-3,37.7784672,-122.3978721,-9,5.404,5.22,8738,0
2026-05-15T18:09:21.589072+00:00,stratolink-3,37.778478,-122.3978721,-9,5.406,5.22,8738,0
2026-05-15T18:10:25.745303+00:00,stratolink-3,37.7785152,-122.3978976,-18,5.41,5.232,8738,0
2026-05-15T18:11:28.638116+00:00,stratolink-3,37.7785036,-122.3978733,-9,5.392,5.206,8738,0
2026-05-15T18:12:31.439829+00:00,stratolink-3,37.7784421,-122.3978063,0,5.406,5.222,8738,0
2026-05-15T18:13:34.598418+00:00,stratolink-3,37.7784421,-122.3978243,0,5.398,5.206,8738,0
2026-05-15T18:14:37.589724+00:00,stratolink-3,37.7784501,-122.3978243,-6,5.392,5.208,8738,0
2026-05-15T18:15:40.7993+00:00,stratolink-3,37.7784564,-122.3978298,-6,5.4,5.22,8738,0
2026-05-15T18:16:43.589147+00:00,stratolink-3,37.7784413,-122.3978265,-2,5.388,5.224,8738,0
2026-05-15T18:17:46.608982+00:00,stratolink-3,37.7784543,-122.3978423,-1,5.406,5.224,8738,0
2026-05-15T18:18:49.581368+00:00,stratolink-3,37.7784438,-122.3978862,-2,5.398,5.206,8738,0
2026-05-15T18:19:52.194124+00:00,stratolink-3,37.7785141,-122.3979149,-20,5.4,5.228,8738,0
2026-05-15T18:20:55.797221+00:00,stratolink-3,37.7785141,-122.3979108,-13,5.388,5.206,8738,0
2026-05-15T18:21:58.577035+00:00,stratolink-3,37.7785127,-122.3979108,-4,5.386,5.23,8738,0
2026-05-15T18:23:01.601714+00:00,stratolink-3,37.7784936,-122.3979017,-4,5.406,5.224,8738,0
2026-05-15T18:24:04.585809+00:00,stratolink-3,37.7785079,-122.3978839,-5,5.4,5.206,8738,0
2026-05-15T18:25:07.598053+00:00,stratolink-3,37.7785325,-122.3979955,-30,5.398,5.208,8738,0
2026-05-15T18:26:10.876866+00:00,stratolink-3,37.7784751,-122.397914,-11,5.41,5.206,8738,0
2026-05-15T18:27:13.97267+00:00,stratolink-3,37.7784559,-122.3978863,-1,5.406,5.206,8738,0
2026-05-15T18:28:17.576434+00:00,stratolink-3,37.7784559,-122.3978636,-17,5.398,5.206,8738,0
2026-05-15T18:29:20.845931+00:00,stratolink-3,37.778426,-122.3978636,-26,5.4,5.2,8738,0
2026-05-15T18:30:23.591199+00:00,stratolink-3,37.7784636,-122.397903,-13,5.398,5.192,8738,0
2026-05-15T18:57:55.611868+00:00,stratolink-3,37.7785112,-122.397956,-20,5.36,5.074,8738,0
2026-05-15T18:58:58.586568+00:00,stratolink-3,37.7785385,-122.3979442,-23,5.378,5.078,8738,0
2026-05-15T19:00:01.623558+00:00,stratolink-3,37.7785757,-122.3980372,-36,5.364,5.05,8738,0
2026-05-15T19:01:04.571493+00:00,stratolink-3,37.7785515,-122.3980055,-31,5.366,5.096,7502,0
2026-05-15T19:02:06.617699+00:00,stratolink-3,37.778511,-122.3979827,-26,5.38,4.968,6184,0
2026-05-15T19:03:09.909449+00:00,stratolink-3,37.778511,-122.3980174,-32,5.372,4.974,5925,0
2026-05-15T19:04:13.593894+00:00,stratolink-3,37.7785317,-122.3980174,-19,5.366,4.95,5731,0
2026-05-15T19:05:15.601133+00:00,stratolink-3,37.7784501,-122.397991,-21,5.38,4.78,5581,0
2026-05-15T19:06:18.629139+00:00,stratolink-3,37.7784841,-122.3979723,-21,5.34,4.522,5471,0
2026-05-15T19:07:21.605551+00:00,stratolink-3,37.7784553,-122.3979205,-10,5.232,4.316,5362,0
2026-05-15T19:08:24.979819+00:00,stratolink-3,37.7784609,-122.3979372,-21,5.076,4.2,5281,0
2026-05-15T19:09:27.600537+00:00,stratolink-3,37.7784559,-122.3979621,-19,4.884,4.176,5215,0
2026-05-15T19:10:30.50656+00:00,stratolink-3,37.7785042,-122.3979912,-24,4.648,3.996,5120,0
2026-05-15T19:11:33.595975+00:00,stratolink-3,37.7785042,-122.3979337,-12,4.332,3.816,5035,0
2026-05-15T19:13:36.605621+00:00,stratolink-3,37.7784671,-122.3979337,-10,3.684,3.316,4929,0
2026-05-15T19:15:38.433517+00:00,stratolink-3,,,,3.402,3.3,4836,0
2026-05-15T19:20:42.025384+00:00,stratolink-3,,,,3.34,3.146,4510,0
2026-05-15T19:25:45.5555+00:00,stratolink-3,,,,3.338,3.11,4228,0
2026-05-15T19:30:49.057648+00:00,stratolink-3,,,,3.34,3.13,3948,0
2026-05-15T19:35:52.529593+00:00,stratolink-3,,,,3.338,3.234,3773,0
2026-05-15T19:40:55.956575+00:00,stratolink-3,,,,3.338,3.188,3590,0
2026-05-15T19:45:59.375073+00:00,stratolink-3,,,,3.332,3.114,3424,0
2026-05-15T19:56:06.203184+00:00,stratolink-3,,,,3.338,3.116,2964,0
2026-05-15T20:01:09.556434+00:00,stratolink-3,,,,3.34,3.092,2812,0
2026-05-15T20:06:12.897456+00:00,stratolink-3,,,,3.338,3.156,2781,0
2026-05-15T20:11:16.210488+00:00,stratolink-3,,,,3.334,3.104,2710,0
2026-05-15T20:16:19.53194+00:00,stratolink-3,,,,3.338,3.092,2622,0
2026-05-15T20:21:22.830353+00:00,stratolink-3,,,,3.338,3.16,2584,0
2026-05-15T20:26:26.134653+00:00,stratolink-3,,,,3.338,3.128,2566,0
2026-05-15T20:31:29.428607+00:00,stratolink-3,,,,3.34,3.088,2507,0
2026-05-15T20:36:32.693326+00:00,stratolink-3,,,,3.338,3.126,2457,0
2026-05-15T20:41:35.925571+00:00,stratolink-3,,,,3.34,3.096,2428,0
2026-05-15T20:46:39.175544+00:00,stratolink-3,,,,3.336,3.092,2386,0
2026-05-15T20:51:42.479133+00:00,stratolink-3,,,,3.34,3.166,2369,0
2026-05-15T20:56:45.608923+00:00,stratolink-3,,,,3.338,3.074,2355,0
2026-05-15T21:01:48.821563+00:00,stratolink-3,,,,3.34,3.088,2338,0
2026-05-15T21:06:51.97671+00:00,stratolink-3,,,,3.336,3.082,2320,0
2026-05-15T21:11:55.17206+00:00,stratolink-3,,,,3.334,3.078,2291,0
2026-05-15T21:16:58.345641+00:00,stratolink-3,,,,3.336,3.088,2263,0
2026-05-15T21:22:01.503671+00:00,stratolink-3,,,,3.338,3.094,2229,0
2026-05-15T21:27:04.712096+00:00,stratolink-3,,,,3.336,3.078,2197,0
2026-05-15T21:32:07.882352+00:00,stratolink-3,,,,3.336,3.874,2155,0
2026-05-15T21:37:11.017707+00:00,stratolink-3,,,,3.336,3.086,2103,0
2026-05-15T21:42:14.131149+00:00,stratolink-3,,,,3.336,3.076,2053,0
2026-05-15T21:47:17.256301+00:00,stratolink-3,,,,3.34,3.074,2002,0
2026-05-15T21:52:20.371882+00:00,stratolink-3,,,,3.34,3.126,1948,0
2026-05-15T21:57:23.495711+00:00,stratolink-3,,,,3.336,3.154,1883,0
2026-05-15T22:02:26.593378+00:00,stratolink-3,,,,3.338,3.07,1821,0
2026-05-15T22:07:29.711792+00:00,stratolink-3,,,,3.338,3.066,1746,0
2026-05-15T22:12:32.775169+00:00,stratolink-3,,,,3.338,3.88,1669,0
2026-05-15T22:17:35.81743+00:00,stratolink-3,,,,3.336,3.066,1588,0
2026-05-15T22:22:38.868309+00:00,stratolink-3,,,,3.34,3.06,1506,0
2026-05-15T22:27:41.914412+00:00,stratolink-3,,,,3.336,3.06,1433,0
2026-05-15T22:32:44.944228+00:00,stratolink-3,,,,3.338,3.056,1353,0
2026-05-15T22:37:47.961651+00:00,stratolink-3,,,,3.34,3.058,1299,0
2026-05-15T22:42:50.982066+00:00,stratolink-3,,,,3.336,3.058,1245,0
2026-05-15T22:47:53.965538+00:00,stratolink-3,,,,3.34,3.052,1218,0
2026-05-15T22:52:56.979976+00:00,stratolink-3,,,,3.338,3.05,1203,0
2026-05-15T22:57:59.961751+00:00,stratolink-3,,,,3.34,3.054,1195,0
2026-05-15T23:03:02.914088+00:00,stratolink-3,,,,3.334,3.05,1193,0
2026-05-15T23:08:05.899226+00:00,stratolink-3,,,,3.336,3.05,1197,0
2026-05-15T23:13:08.846307+00:00,stratolink-3,,,,3.336,3.052,1197,0
2026-05-15T23:18:11.769728+00:00,stratolink-3,,,,3.336,3.05,1200,0
2026-05-15T23:23:14.719359+00:00,stratolink-3,,,,3.34,3.046,1199,0
2026-05-15T23:28:17.636523+00:00,stratolink-3,,,,3.338,3.058,1201,0
2026-05-15T23:33:20.503998+00:00,stratolink-3,,,,3.338,3.756,1202,0
2026-05-15T23:38:23.380864+00:00,stratolink-3,,,,3.336,3.05,1200,0
2026-05-15T23:43:26.28874+00:00,stratolink-3,,,,3.34,3.05,1188,0
2026-05-15T23:48:29.177031+00:00,stratolink-3,,,,3.336,3.052,1171,0
2026-05-15T23:53:32.067795+00:00,stratolink-3,,,,3.336,3.052,1148,0
2026-05-15T23:58:34.909117+00:00,stratolink-3,,,,3.336,3.046,1116,0
2026-05-16T00:03:37.783437+00:00,stratolink-3,,,,3.334,3.046,1087,0
2026-05-16T00:08:40.640039+00:00,stratolink-3,,,,3.34,3.29,1049,0
2026-05-16T00:13:43.483254+00:00,stratolink-3,,,,3.334,3.05,1014,0
2026-05-16T00:18:46.288114+00:00,stratolink-3,,,,3.34,3.052,974,0
2026-05-16T02:36:21.775671+00:00,stratolink-3,,,,4.704,0.55,864,0
2026-05-16T20:00:00+00:00,stratolink-3,,,,3.7,,,
2026-05-17T00:56:31.337313+00:00,stratolink-3,,,,4.69,2.034,940,0
2026-05-17T01:02:04.372961+00:00,stratolink-3,,,,4.69,2.234,941,0
2026-05-17T01:07:12.084784+00:00,stratolink-3,37.7784329,-122.3979689,-18,4.402,2.962,968,0
2026-05-17T01:17:16.775032+00:00,stratolink-3,,,,3.338,3.01,933,0
2026-05-17T15:55:29.933759+00:00,stratolink-3,37.7278539,-122.425933,734,5.372,5.154,8738,2
2026-05-17T16:00:36.037042+00:00,stratolink-3,37.7018272,-122.4334453,1013,5.37,5.154,8738,2
2026-05-17T16:04:10.088499+00:00,stratolink-3,37.6755549,-122.4395281,1201,5.388,4.964,8738,2
2026-05-17T16:09:16.210873+00:00,stratolink-3,37.6491533,-122.4434913,1366,5.388,4.066,8738,2
2026-05-17T16:24:30.58768+00:00,stratolink-3,37.6043216,-122.4186334,1916,5.384,5.032,8738,0
2026-05-17T16:44:39.112906+00:00,stratolink-3,37.4929447,-122.3344165,2789,5.364,5.04,8738,2
2026-05-17T16:49:42.116476+00:00,stratolink-3,37.4583287,-122.3145967,2979,5.362,5.09,8738,2
2026-05-17T16:54:45.36871+00:00,stratolink-3,37.4224985,-122.2893366,3221,5.386,4.974,8738,1
2026-05-17T16:59:48.190251+00:00,stratolink-3,37.3823285,-122.256516,3457,5.388,5.156,8738,1
2026-05-17T17:04:51.702765+00:00,stratolink-3,37.3461907,-122.2206508,3717,5.364,5.132,8738,2
2026-05-17T17:09:53.112917+00:00,stratolink-3,37.3063606,-122.187729,3935,5.382,5.102,8738,1
2026-05-17T17:14:55.755595+00:00,stratolink-3,37.2690699,-122.1541516,4148,5.374,4.992,8738,1
2026-05-17T17:19:58.289191+00:00,stratolink-3,37.2335001,-122.1153793,4351,5.36,5.076,8738,2
2026-05-17T17:21:21.120107+00:00,stratolink-3,37.2233936,-122.1044893,4421,5.36,4.162,8738,1
2026-05-17T17:26:23.098114+00:00,stratolink-3,37.1859781,-122.0648298,4670,5.38,5.018,8738,1
2026-05-17T17:31:26.182559+00:00,stratolink-3,37.1493758,-122.025578,4924,5.37,4.36,8738,1
2026-05-17T17:36:29.163856+00:00,stratolink-3,37.1152609,-121.9843454,5199,5.372,5.156,8738,3
2026-05-17T17:41:32.090369+00:00,stratolink-3,37.0762419,-121.9368322,5482,5.384,5.05,8738,3
2026-05-17T17:46:34.307382+00:00,stratolink-3,37.0238153,-121.8842043,5809,5.366,5.076,8738,1
2026-05-17T17:51:34.147639+00:00,stratolink-3,36.96056,-121.8303943,6010,5.372,5.07,8738,3
2026-05-17T17:54:18.248301+00:00,stratolink-3,36.9229548,-121.8027966,6097,5.386,4.906,8738,3
2026-05-17T17:59:20.272755+00:00,stratolink-3,36.8456955,-121.7529385,6315,5.362,5.076,8738,1
2026-05-17T18:04:21.349926+00:00,stratolink-3,36.7681831,-121.6974251,6551,5.37,5.074,8738,1
2026-05-17T18:09:55.067969+00:00,stratolink-3,,,,5.372,5.082,8738,2
2026-05-17T18:15:03.296891+00:00,stratolink-3,36.6960622,-121.638681,6699,5.36,4.992,8738,2
2026-05-17T18:20:04.712632+00:00,stratolink-3,36.6159551,-121.5718565,6924,5.364,5.046,8738,3
2026-05-17T18:25:12.831742+00:00,stratolink-3,36.6159551,-121.5718565,6924,5.362,5.046,8738,1
2026-05-17T18:30:20.866336+00:00,stratolink-3,36.6159551,-121.5718565,6924,5.366,5.038,8738,2
2026-05-17T18:35:28.87454+00:00,stratolink-3,36.6159551,-121.5718565,6924,5.38,4.962,8738,1
2026-05-17T18:40:36.873607+00:00,stratolink-3,36.6159551,-121.5718565,6924,5.372,4.974,8738,1
2026-05-17T18:45:44.987777+00:00,stratolink-3,36.6159551,-121.5718565,6924,5.374,4.998,8738,0
2026-05-17T18:50:53.13935+00:00,stratolink-3,36.6159551,-121.5718565,6924,5.366,4.942,8738,1
2026-05-17T18:56:01.507157+00:00,stratolink-3,36.6159551,-121.5718565,6924,5.38,4.974,8738,1
2026-05-17T19:01:10.000016+00:00,stratolink-3,36.6159551,-121.5718565,6924,5.38,4.95,8738,1
2026-05-17T19:06:18.388474+00:00,stratolink-3,36.6159551,-121.5718565,6924,5.366,5.052,8738,1
2026-05-17T19:11:26.393134+00:00,stratolink-3,36.6159551,-121.5718565,6924,5.364,4.96,8738,1
2026-05-17T19:16:34.605414+00:00,stratolink-3,36.6159551,-121.5718565,6924,5.378,4.99,8738,1
2026-05-17T19:21:43.035391+00:00,stratolink-3,36.6159551,-121.5718565,6924,5.36,4.95,8738,1
2026-05-17T19:26:52.269777+00:00,stratolink-3,36.6159551,-121.5718565,6924,5.372,4.972,8738,2
2026-05-17T19:32:00.320987+00:00,stratolink-3,36.6159551,-121.5718565,6924,5.386,4.894,8738,3
2026-05-17T19:37:08.748533+00:00,stratolink-3,36.6159551,-121.5718565,6924,5.372,4.992,8738,2
2026-05-17T19:42:17.095183+00:00,stratolink-3,36.6159551,-121.5718565,6924,5.374,4.948,8738,2
2026-05-17T19:47:26.075543+00:00,stratolink-3,36.6159551,-121.5718565,6924,5.38,4.844,8738,2
2026-05-17T19:52:35.580751+00:00,stratolink-3,36.6159551,-121.5718565,6924,5.36,4.956,8738,2
2026-05-17T19:57:43.862984+00:00,stratolink-3,36.6159551,-121.5718565,6924,5.364,5.018,8738,1
2026-05-17T20:02:52.521911+00:00,stratolink-3,36.6159551,-121.5718565,6924,5.366,4.984,8738,2
2026-05-17T20:08:01.039572+00:00,stratolink-3,36.6159551,-121.5718565,6924,5.36,4.948,8738,1
2026-05-17T20:13:09.654294+00:00,stratolink-3,36.6159551,-121.5718565,6924,5.38,4.96,8738,2
2026-05-17T20:18:18.262429+00:00,stratolink-3,36.6159551,-121.5718565,6924,5.36,4.96,8738,1
2026-05-17T20:23:26.802537+00:00,stratolink-3,36.6159551,-121.5718565,6924,5.388,4.908,8738,1
2026-05-17T20:28:35.829349+00:00,stratolink-3,36.6159551,-121.5718565,6924,5.374,4.896,8738,1
2026-05-17T20:33:44.700921+00:00,stratolink-3,36.6159551,-121.5718565,6924,5.362,4.986,8738,1
2026-05-17T20:38:53.880352+00:00,stratolink-3,36.6159551,-121.5718565,6924,5.372,4.95,8738,1
2026-05-17T20:44:02.655571+00:00,stratolink-3,36.6159551,-121.5718565,6924,5.362,5.026,8738,2
2026-05-17T20:49:11.130426+00:00,stratolink-3,36.6159551,-121.5718565,6924,5.372,5.026,8738,2
2026-05-17T20:54:19.952306+00:00,stratolink-3,36.6159551,-121.5718565,6924,5.36,4.896,8738,1
2026-05-17T20:59:28.253829+00:00,stratolink-3,36.6159551,-121.5718565,6924,5.364,5,8738,1
2026-05-17T21:04:36.472483+00:00,stratolink-3,36.6159551,-121.5718565,6924,5.364,5.104,8738,4
2026-05-17T21:09:44.467554+00:00,stratolink-3,36.6159551,-121.5718565,6924,5.372,5.008,8738,1
2026-05-17T21:14:52.612448+00:00,stratolink-3,36.6159551,-121.5718565,6924,5.372,5.076,8738,1
2026-05-17T21:20:00.764822+00:00,stratolink-3,36.6159551,-121.5718565,6924,5.362,4.98,8738,2
2026-05-17T21:25:08.807886+00:00,stratolink-3,36.6159551,-121.5718565,6924,5.366,5.012,8738,1
2026-05-17T21:30:17.007547+00:00,stratolink-3,36.6159551,-121.5718565,6924,5.36,4.986,8738,1
2026-05-17T21:35:25.510978+00:00,stratolink-3,36.6159551,-121.5718565,6924,5.364,5.13,8738,2
2026-05-17T21:38:52.599679+00:00,stratolink-3,36.6159551,-121.5718565,6924,5.372,5.04,8738,1
2026-05-17T21:44:00.162309+00:00,stratolink-3,36.6159551,-121.5718565,6924,5.372,5.076,8738,2
2026-05-17T21:49:08.37315+00:00,stratolink-3,36.6159551,-121.5718565,6924,5.372,5.026,8738,0
2026-05-17T21:51:22.895569+00:00,stratolink-3,36.6159551,-121.5718565,6924,5.386,5.052,8738,6
2026-05-17T21:55:24.008252+00:00,stratolink-3,36.6159551,-121.5718565,6924,5.372,5.076,8738,2
2026-05-17T22:00:31.966891+00:00,stratolink-3,36.6159551,-121.5718565,6924,5.38,5.146,8738,2
2026-05-17T22:05:39.980187+00:00,stratolink-3,36.6159551,-121.5718565,6924,5.388,5.154,8738,3
2026-05-17T22:10:48.180366+00:00,stratolink-3,36.6159551,-121.5718565,6924,5.374,4.974,8738,4
2026-05-17T22:15:56.208859+00:00,stratolink-3,36.6159551,-121.5718565,6924,5.372,4.832,8738,1
2026-05-17T22:21:04.183698+00:00,stratolink-3,36.6159551,-121.5718565,6924,5.374,5.038,8738,1
2026-05-17T22:26:12.293307+00:00,stratolink-3,36.6159551,-121.5718565,6924,5.38,4.846,8738,3
2026-05-17T22:31:20.238227+00:00,stratolink-3,36.6159551,-121.5718565,6924,5.366,5.142,8738,2
2026-05-17T22:36:28.2907+00:00,stratolink-3,36.6159551,-121.5718565,6924,5.374,5.154,8738,3
2026-05-17T22:41:36.54677+00:00,stratolink-3,36.6159551,-121.5718565,6924,5.38,5.056,8738,2
2026-05-17T22:46:44.700502+00:00,stratolink-3,36.6159551,-121.5718565,6924,5.38,5.038,8738,0
2026-05-17T22:56:52.518379+00:00,stratolink-3,33.5444616,-119.0023054,9744,5.36,4.998,8738,3
2026-05-17T23:22:32.790467+00:00,stratolink-3,33.5444616,-119.0023054,9744,5.374,4.534,8738,1
2026-05-17T23:37:56.547067+00:00,stratolink-3,33.5444616,-119.0023054,9744,5.296,4.202,8738,1
2026-05-18T00:08:45.527149+00:00,stratolink-3,33.5444616,-119.0023054,9744,5.362,5.156,8738,3
2026-05-18T00:29:11.830424+00:00,stratolink-3,32.8720291,-118.3905433,9621,5.37,4.716,8738,1
2026-05-18T00:34:19.784495+00:00,stratolink-3,32.8720291,-118.3905433,9621,5.284,4.202,8738,1
2026-05-18T00:44:36.525583+00:00,stratolink-3,32.8720291,-118.3905433,9621,5.366,5.122,8738,4
2026-05-18T00:49:46.703387+00:00,stratolink-3,32.8720291,-118.3905433,9621,5.362,5.064,8738,4
2026-05-18T01:00:03.491212+00:00,stratolink-3,32.8720291,-118.3905433,9621,5.366,5.038,8738,4
2026-05-18T01:05:11.573582+00:00,stratolink-3,32.8720291,-118.3905433,9621,5.364,5.006,8738,3
2026-05-18T01:10:20.468092+00:00,stratolink-3,32.8720291,-118.3905433,9621,5.362,5.114,8738,0
2026-05-18T01:15:29.70531+00:00,stratolink-3,32.8720291,-118.3905433,9621,5.366,5.464,8738,3
2026-05-18T01:20:37.465908+00:00,stratolink-3,32.8720291,-118.3905433,9621,5.374,4.994,8738,2
2026-05-18T01:25:45.265547+00:00,stratolink-3,32.8720291,-118.3905433,9621,5.378,5.09,8738,3
2026-05-18T01:30:54.269827+00:00,stratolink-3,32.8720291,-118.3905433,9621,5.382,5.104,8738,3
2026-05-18T01:36:03.725847+00:00,stratolink-3,32.8720291,-118.3905433,9621,5.36,5.052,8738,2
2026-05-18T01:41:37.822621+00:00,stratolink-3,,,,5.384,5.104,8738,2
2026-05-18T01:46:57.861875+00:00,stratolink-3,32.2186566,-117.8586064,9648,5.362,5.078,8738,2
2026-05-18T01:52:35.624699+00:00,stratolink-3,,,,5.36,5.044,8738,1
2026-05-18T01:58:08.403854+00:00,stratolink-3,,,,5.374,5.064,8738,2
2026-05-18T02:03:07.181669+00:00,stratolink-3,32.0126413,-117.7218973,9682,5.372,5.05,8738,2
2026-05-18T02:08:15.693863+00:00,stratolink-3,32.0126413,-117.7218973,9682,5.382,4.078,8738,1
2026-05-18T02:13:23.87159+00:00,stratolink-3,32.0126413,-117.7218973,9682,5.366,4.96,8738,2
2026-05-18T02:18:31.809138+00:00,stratolink-3,32.0126413,-117.7218973,9682,5.366,5.018,8738,2
2026-05-18T02:23:40.256089+00:00,stratolink-3,32.0126413,-117.7218973,9682,5.38,4.682,8738,1
2026-05-18T02:28:39.170536+00:00,stratolink-3,,,,3.366,3.288,8738,1
2026-05-18T02:43:39.781789+00:00,stratolink-3,,,,3.326,3.026,1388,0
2026-05-18T02:58:41.626864+00:00,stratolink-3,,,,3.324,2.17,79,0
2026-05-19T13:58:18.576073+00:00,stratolink-3,31.0028812,-111.7093083,9736,5.308,4.22,8738,1
2026-05-19T14:08:34.129495+00:00,stratolink-3,31.0028812,-111.7093083,9736,5.41,5.096,8738,2
2026-05-19T16:15:11.280776+00:00,stratolink-3,,,,5.38,4.94,8738,1
2026-05-19T22:28:54.34176+00:00,stratolink-3,34.7793016,-106.1268084,9814,5.364,5.076,8738,1
2026-05-19T22:39:27.489014+00:00,stratolink-3,,,,5.206,2.202,8738,1
2026-05-19T22:45:00.95039+00:00,stratolink-3,,,,5.372,4.998,8738,1
2026-05-19T22:50:32.910237+00:00,stratolink-3,,,,5.362,5.05,8738,1
2026-05-19T22:56:06.188202+00:00,stratolink-3,,,,5.364,5.094,8738,1
2026-05-19T23:01:39.159171+00:00,stratolink-3,,,,5.382,5.054,8738,3
2026-05-19T23:07:11.655324+00:00,stratolink-3,,,,5.334,4.316,8738,1
2026-05-19T23:12:43.954244+00:00,stratolink-3,,,,5.38,5.104,8738,0
2026-05-19T23:18:16.795767+00:00,stratolink-3,,,,5.37,5.07,8738,0
2026-05-19T23:19:12.480382+00:00,stratolink-3,,,,5.372,4.916,8738,5
2026-05-19T23:24:45.237735+00:00,stratolink-3,,,,5.372,5.006,8738,3
2026-05-19T23:30:18.381326+00:00,stratolink-3,,,,4.95,3.97,8738,1
2026-05-29T17:46:03.175749+00:00,stratolink-3,36.889307,-4.5321937,10034,4.728,3.864,8738,1
2026-05-29T17:51:02.14536+00:00,stratolink-3,,,,3.386,3.276,8738,0
2026-05-29T17:58:47.143355+00:00,stratolink-3,36.889307,-4.5321937,10034,5.366,4.832,8738,3
2026-05-29T18:03:55.424526+00:00,stratolink-3,36.889307,-4.5321937,10034,5.36,4.896,8738,3
2026-05-29T18:09:03.375724+00:00,stratolink-3,36.889307,-4.5321937,10034,5.052,4.098,8738,1
2026-05-29T18:14:11.577048+00:00,stratolink-3,36.889307,-4.5321937,10034,5.362,4.98,8738,2
2026-05-29T18:19:20.031349+00:00,stratolink-3,36.889307,-4.5321937,10034,4.27,3.672,8738,1
2026-05-29T18:29:26.097416+00:00,stratolink-3,36.889307,-4.5321937,10034,5.346,4.552,8738,0
2026-05-29T18:34:34.19503+00:00,stratolink-3,36.889307,-4.5321937,10034,5.332,4.252,8738,0
2026-05-29T18:39:42.053919+00:00,stratolink-3,36.889307,-4.5321937,10034,5.374,5.024,8738,2
2026-05-29T18:44:50.293898+00:00,stratolink-3,36.889307,-4.5321937,10034,5.364,4.988,8738,2
2026-05-29T18:49:58.540228+00:00,stratolink-3,36.889307,-4.5321937,10034,5.09,4.06,7614,0
2026-05-29T18:55:06.731565+00:00,stratolink-3,36.889307,-4.5321937,10034,4.776,3.814,7310,0
2026-05-29T19:00:05.97019+00:00,stratolink-3,,,,3.39,3.232,6592,0
2026-05-29T19:15:03.066889+00:00,stratolink-3,,,,3.384,3.224,4136,1
2026-05-29T19:30:00.33828+00:00,stratolink-3,,,,3.328,3.096,1608,1
2026-05-29T19:45:04.098429+00:00,stratolink-3,,,,3.324,2.872,362,0
2026-05-28T07:38:01.361177+00:00,stratolink-3-eu,40.3360686,-6.9306294,9966,5.378,5.062,8738,4
2026-05-28T07:43:09.241405+00:00,stratolink-3-eu,40.3360686,-6.9306294,9966,5.36,5.09,8738,4
2026-05-28T07:48:17.432859+00:00,stratolink-3-eu,40.3360686,-6.9306294,9966,5.374,5.114,8738,4
2026-05-28T07:53:25.76156+00:00,stratolink-3-eu,40.3360686,-6.9306294,9966,4.69,3.796,8738,1
2026-05-28T07:58:33.579751+00:00,stratolink-3-eu,40.3360686,-6.9306294,9966,5.38,5.09,8738,4
2026-05-28T08:03:41.691948+00:00,stratolink-3-eu,40.3360686,-6.9306294,9966,5.364,5.08,8738,4
2026-05-28T08:08:49.819537+00:00,stratolink-3-eu,40.3360686,-6.9306294,9966,5.36,5.076,8738,3
2026-05-28T08:13:51.314686+00:00,stratolink-3-eu,40.3360686,-6.6141145,10020,5.372,5.09,8738,4
2026-05-28T08:17:03.123266+00:00,stratolink-3-eu,40.5546212,-6.6065457,10016,5.372,5.074,8738,3
2026-05-28T08:22:11.0723+00:00,stratolink-3-eu,40.5546212,-6.6065457,10016,5.376,5.1,8738,3
2026-05-28T08:27:19.1419+00:00,stratolink-3-eu,40.5546212,-6.6065457,10016,5.362,5.012,8738,1
2026-05-28T08:32:27.340426+00:00,stratolink-3-eu,40.5546212,-6.6065457,10016,5.384,5.386,8738,3
2026-05-28T08:37:35.413586+00:00,stratolink-3-eu,40.5546212,-6.6065457,10016,5.364,5.052,8738,3
2026-05-28T08:42:43.328515+00:00,stratolink-3-eu,40.5546212,-6.6065457,10016,5.364,5.076,8738,4
2026-05-28T08:47:51.28212+00:00,stratolink-3-eu,40.5546212,-6.6065457,10016,5.372,5.052,8738,3
2026-05-28T08:52:59.562988+00:00,stratolink-3-eu,40.5546212,-6.6065457,10016,5.38,4.98,8738,3
2026-05-28T08:58:07.426092+00:00,stratolink-3-eu,40.5546212,-6.6065457,10016,5.374,5.05,8738,4
2026-05-28T09:03:15.355866+00:00,stratolink-3-eu,40.5546212,-6.6065457,10016,5.366,5.078,8738,4
2026-05-28T09:08:23.419322+00:00,stratolink-3-eu,40.5546212,-6.6065457,10016,5.37,5.038,8738,2
2026-05-28T09:13:31.432696+00:00,stratolink-3-eu,40.5546212,-6.6065457,10016,5.362,5.088,8738,3
2026-05-28T09:18:39.689468+00:00,stratolink-3-eu,40.5546212,-6.6065457,10016,5.36,5.076,8738,4
2026-05-28T09:22:25.132759+00:00,stratolink-3-eu,40.6257961,-6.428663,10009,5.38,5.09,8738,3
2026-05-28T09:27:33.324738+00:00,stratolink-3-eu,40.6257961,-6.428663,10009,5.372,4.98,8738,1
2026-05-28T09:32:41.301462+00:00,stratolink-3-eu,40.6257961,-6.428663,10009,4.708,3.864,8738,1
2026-05-28T09:37:49.327955+00:00,stratolink-3-eu,40.6257961,-6.428663,10009,5.284,4.174,8738,1
2026-05-28T09:42:57.275987+00:00,stratolink-3-eu,40.6257961,-6.428663,10009,5.366,5.026,8738,1
2026-05-28T09:48:05.634582+00:00,stratolink-3-eu,40.6257961,-6.428663,10009,5.372,4.974,8738,1
2026-05-28T09:53:13.598918+00:00,stratolink-3-eu,40.6257961,-6.428663,10009,5.36,4.904,8738,1
2026-05-28T09:58:21.756531+00:00,stratolink-3-eu,40.6257961,-6.428663,10009,5.388,4.95,8738,1
2026-05-28T10:03:30.104653+00:00,stratolink-3-eu,40.6257961,-6.428663,10009,5.38,5.032,8738,1
2026-05-28T10:08:38.059462+00:00,stratolink-3-eu,40.6257961,-6.428663,10009,5.382,4.676,8738,1
2026-05-28T10:13:46.141721+00:00,stratolink-3-eu,40.6257961,-6.428663,10009,5.36,5.026,8738,1
2026-05-28T10:18:54.539562+00:00,stratolink-3-eu,40.6257961,-6.428663,10009,5.384,4.846,8738,1
2026-05-28T10:24:02.653399+00:00,stratolink-3-eu,40.6257961,-6.428663,10009,5.36,4.998,8738,1
2026-05-28T10:29:10.771534+00:00,stratolink-3-eu,40.6257961,-6.428663,10009,5.38,5.022,8738,3
2026-05-28T10:34:18.666285+00:00,stratolink-3-eu,40.6257961,-6.428663,10009,5.36,4.996,8738,1
2026-05-28T10:39:26.738504+00:00,stratolink-3-eu,40.6257961,-6.428663,10009,5.386,4.794,8738,1
2026-05-28T10:44:35.290478+00:00,stratolink-3-eu,40.6257961,-6.428663,10009,5.386,4.754,8738,1
2026-05-28T10:49:43.627088+00:00,stratolink-3-eu,40.6257961,-6.428663,10009,5.36,4.97,8738,1
2026-05-28T10:54:52.041271+00:00,stratolink-3-eu,40.6257961,-6.428663,10009,5.376,4.896,8738,1
2026-05-28T11:00:00.4307+00:00,stratolink-3-eu,40.6257961,-6.428663,10009,5.388,4.946,8738,1
2026-05-28T11:05:08.337085+00:00,stratolink-3-eu,40.6257961,-6.428663,10009,5.372,5.034,8738,4
2026-05-28T11:10:16.453827+00:00,stratolink-3-eu,40.6257961,-6.428663,10009,5.374,5.012,8738,1
2026-05-28T11:15:24.602888+00:00,stratolink-3-eu,40.6257961,-6.428663,10009,5.362,5.018,8738,3
2026-05-28T11:20:32.524525+00:00,stratolink-3-eu,40.6257961,-6.428663,10009,5.372,4.958,8738,1
2026-05-28T11:25:40.463498+00:00,stratolink-3-eu,40.6257961,-6.428663,10009,5.36,5.05,8738,2
2026-05-28T11:30:48.685469+00:00,stratolink-3-eu,40.6257961,-6.428663,10009,5.38,5.024,8738,3
2026-05-28T11:35:56.878674+00:00,stratolink-3-eu,40.6257961,-6.428663,10009,5.386,4.992,8738,1
2026-05-28T11:41:05.215473+00:00,stratolink-3-eu,40.6257961,-6.428663,10009,5.38,4.94,8738,3
2026-05-28T11:46:13.551682+00:00,stratolink-3-eu,40.6257961,-6.428663,10009,5.38,4.998,8738,3
2026-05-28T11:51:21.953081+00:00,stratolink-3-eu,40.6257961,-6.428663,10009,5.366,4.982,8738,2
2026-05-28T11:56:30.566463+00:00,stratolink-3-eu,40.6257961,-6.428663,10009,5.366,4.896,8738,1
2026-05-28T12:01:39.07201+00:00,stratolink-3-eu,40.6257961,-6.428663,10009,5.36,4.96,8738,2
2026-05-28T12:06:47.531848+00:00,stratolink-3-eu,40.6257961,-6.428663,10009,5.374,4.928,8738,1
2026-05-28T12:11:56.303346+00:00,stratolink-3-eu,40.6257961,-6.428663,10009,5.366,4.936,8738,2
2026-05-28T12:17:05.090548+00:00,stratolink-3-eu,40.6257961,-6.428663,10009,5.366,4.818,8738,1
2026-05-28T12:22:14.02168+00:00,stratolink-3-eu,40.6257961,-6.428663,10009,5.364,4.958,8738,1
2026-05-28T12:27:23.509669+00:00,stratolink-3-eu,40.6257961,-6.428663,10009,5.384,4.948,8738,1
2026-05-28T12:32:32.112158+00:00,stratolink-3-eu,40.6257961,-6.428663,10009,5.366,4.986,8738,1
2026-05-28T12:37:41.207846+00:00,stratolink-3-eu,40.6257961,-6.428663,10009,5.388,4.742,8738,1
2026-05-28T12:42:50.073661+00:00,stratolink-3-eu,40.6257961,-6.428663,10009,5.366,4.94,8738,3
2026-05-28T12:47:58.211874+00:00,stratolink-3-eu,40.6257961,-6.428663,10009,5.36,4.844,8738,1
2026-05-28T12:53:06.378319+00:00,stratolink-3-eu,40.6257961,-6.428663,10009,5.37,5.014,8738,0
2026-05-28T12:58:14.576536+00:00,stratolink-3-eu,40.6257961,-6.428663,10009,5.364,5.012,8738,1
2026-05-28T13:03:22.735773+00:00,stratolink-3-eu,40.6257961,-6.428663,10009,5.36,4.96,8738,1
2026-05-28T13:08:30.927035+00:00,stratolink-3-eu,40.6257961,-6.428663,10009,5.364,4.974,8738,1
2026-05-28T13:13:38.935033+00:00,stratolink-3-eu,40.6257961,-6.428663,10009,5.36,5.024,8738,1
2026-05-28T13:18:46.949853+00:00,stratolink-3-eu,40.6257961,-6.428663,10009,5.38,4.998,8738,3
2026-05-28T13:23:54.76021+00:00,stratolink-3-eu,40.6257961,-6.428663,10009,5.374,5.064,8738,3
2026-05-28T13:29:02.777645+00:00,stratolink-3-eu,40.6257961,-6.428663,10009,5.36,5.002,8738,2
2026-05-28T13:34:11.172466+00:00,stratolink-3-eu,40.6257961,-6.428663,10009,5.36,4.958,8738,1
2026-05-28T13:39:19.590452+00:00,stratolink-3-eu,40.6257961,-6.428663,10009,5.364,4.948,8738,5
2026-05-28T13:44:27.783505+00:00,stratolink-3-eu,40.6257961,-6.428663,10009,5.364,4.96,8738,1
2026-05-28T13:49:36.495716+00:00,stratolink-3-eu,40.6257961,-6.428663,10009,5.366,4.972,8738,1
2026-05-28T13:54:44.614591+00:00,stratolink-3-eu,40.6257961,-6.428663,10009,5.388,4.792,8738,1
2026-05-28T13:59:52.660848+00:00,stratolink-3-eu,40.6257961,-6.428663,10009,5.372,4.858,8738,1
2026-05-28T14:05:00.592666+00:00,stratolink-3-eu,40.6257961,-6.428663,10009,5.364,4.954,8738,2
2026-05-28T14:10:08.659962+00:00,stratolink-3-eu,40.6257961,-6.428663,10009,5.362,4.982,8738,3
2026-05-28T14:15:16.646826+00:00,stratolink-3-eu,40.6257961,-6.428663,10009,5.362,4.908,8738,1
2026-05-28T14:20:24.714596+00:00,stratolink-3-eu,40.6257961,-6.428663,10009,5.38,5.006,8738,1
2026-05-28T14:25:32.714699+00:00,stratolink-3-eu,40.6257961,-6.428663,10009,5.37,4.972,8738,1
2026-05-28T14:30:40.755758+00:00,stratolink-3-eu,40.6257961,-6.428663,10009,5.388,4.754,8738,1
2026-05-28T14:35:48.641691+00:00,stratolink-3-eu,40.6257961,-6.428663,10009,5.38,4.988,8738,3
2026-05-28T14:40:56.572559+00:00,stratolink-3-eu,40.6257961,-6.428663,10009,5.388,4.794,8738,1
2026-05-28T14:46:04.445827+00:00,stratolink-3-eu,40.6257961,-6.428663,10009,5.38,4.782,8738,1
2026-05-28T14:51:12.627545+00:00,stratolink-3-eu,40.6257961,-6.428663,10009,5.064,4,8738,1
2026-05-28T14:56:20.62923+00:00,stratolink-3-eu,40.6257961,-6.428663,10009,5.364,4.484,8738,1
2026-05-28T15:01:29.133492+00:00,stratolink-3-eu,40.6257961,-6.428663,10009,5.372,5.032,8738,3
2026-05-28T15:06:37.316215+00:00,stratolink-3-eu,40.6257961,-6.428663,10009,5.36,4.444,8738,1
2026-05-28T15:11:45.252847+00:00,stratolink-3-eu,40.6257961,-6.428663,10009,5.364,4.95,8738,3
2026-05-28T15:16:53.169426+00:00,stratolink-3-eu,40.6257961,-6.428663,10009,5.362,4.434,8738,1
2026-05-28T15:22:01.184127+00:00,stratolink-3-eu,40.6257961,-6.428663,10009,5.37,4.882,8738,1
2026-05-28T15:27:09.005908+00:00,stratolink-3-eu,40.6257961,-6.428663,10009,5.374,5.018,8738,3
2026-05-28T15:32:17.087608+00:00,stratolink-3-eu,40.6257961,-6.428663,10009,5.366,4.954,8738,2
2026-05-28T15:37:24.955239+00:00,stratolink-3-eu,40.6257961,-6.428663,10009,5.394,4.786,8738,1
2026-05-28T15:42:32.939101+00:00,stratolink-3-eu,40.6257961,-6.428663,10009,5.366,4.794,8738,1
2026-05-28T15:47:41.25305+00:00,stratolink-3-eu,40.6257961,-6.428663,10009,5.366,5.032,8738,4
2026-05-28T15:52:49.131836+00:00,stratolink-3-eu,40.6257961,-6.428663,10009,5.364,4.95,8738,4
2026-05-28T15:57:56.979299+00:00,stratolink-3-eu,40.6257961,-6.428663,10009,5.374,5.06,8738,3
2026-05-28T16:03:04.910236+00:00,stratolink-3-eu,40.6257961,-6.428663,10009,5.258,4.148,8738,7
2026-05-28T16:08:12.826148+00:00,stratolink-3-eu,40.6257961,-6.428663,10009,5.256,4.124,8738,4
2026-05-28T16:13:20.669795+00:00,stratolink-3-eu,40.6257961,-6.428663,10009,5.364,5.074,8738,3
2026-05-28T16:18:28.751955+00:00,stratolink-3-eu,40.6257961,-6.428663,10009,5.23,4.132,8738,1
2026-05-28T16:23:36.937299+00:00,stratolink-3-eu,40.6257961,-6.428663,10009,5.374,4.954,8738,1
2026-05-28T16:28:37.15302+00:00,stratolink-3-eu,40.6167805,-5.3651522,10041,5.322,4.342,8738,1
2026-05-28T16:33:45.444434+00:00,stratolink-3-eu,40.6167805,-5.3651522,10041,5.366,4.806,8738,1
2026-05-28T16:38:53.749522+00:00,stratolink-3-eu,40.6167805,-5.3651522,10041,5.298,4.124,8738,1
2026-05-28T16:44:01.250128+00:00,stratolink-3-eu,40.6167805,-5.3651522,10041,5.374,5.1,8738,4
2026-05-28T16:49:09.690791+00:00,stratolink-3-eu,40.6167805,-5.3651522,10041,4.922,4,8738,1
2026-05-28T16:54:17.6029+00:00,stratolink-3-eu,40.6167805,-5.3651522,10041,5.372,4.868,8738,1
2026-05-28T16:59:25.685602+00:00,stratolink-3-eu,40.6167805,-5.3651522,10041,5.36,5.012,8738,4
2026-05-28T17:04:33.698437+00:00,stratolink-3-eu,40.6167805,-5.3651522,10041,4.92,3.994,8738,1
2026-05-28T17:09:35.131401+00:00,stratolink-3-eu,40.6167805,-5.3064298,10020,5.372,5.096,8738,4
2026-05-28T17:14:41.657506+00:00,stratolink-3-eu,40.5472281,-5.3064298,10020,5.296,4.162,8738,1
2026-05-28T17:19:49.822819+00:00,stratolink-3-eu,40.5472281,-5.3064298,10020,5.312,4.252,8738,1
2026-05-28T17:24:57.657446+00:00,stratolink-3-eu,40.5472281,-5.3064298,10020,5.372,5.018,8738,3
2026-05-28T17:30:05.556686+00:00,stratolink-3-eu,40.5472281,-5.3064298,10020,5.39,4.692,8738,0
2026-05-28T17:35:13.603915+00:00,stratolink-3-eu,40.5472281,-5.3064298,10020,5.364,4.974,8738,4
2026-05-28T17:40:21.528044+00:00,stratolink-3-eu,40.5472281,-5.3064298,10020,5.358,3.968,8738,1
2026-05-28T17:45:29.806066+00:00,stratolink-3-eu,40.5472281,-5.3064298,10020,4.612,3.742,8738,1
2026-05-28T17:50:37.839139+00:00,stratolink-3-eu,40.5472281,-5.3064298,10020,4.132,3.596,8738,1
2026-05-28T18:00:43.981379+00:00,stratolink-3-eu,40.5472281,-5.3064298,10020,5.38,5.006,8738,4
2026-05-28T18:05:51.842517+00:00,stratolink-3-eu,40.5472281,-5.3064298,10020,5.362,5.06,8738,2
2026-05-28T18:11:00.075121+00:00,stratolink-3-eu,40.5472281,-5.3064298,10020,4.906,3.954,8738,1
2026-05-28T18:16:08.243936+00:00,stratolink-3-eu,40.5472281,-5.3064298,10020,5.206,4.054,8738,1
2026-05-28T18:21:16.226105+00:00,stratolink-3-eu,40.5472281,-5.3064298,10020,4.684,3.814,8738,1
2026-05-28T18:26:24.191926+00:00,stratolink-3-eu,40.5472281,-5.3064298,10020,5.114,4.046,8738,0
2026-05-28T18:31:32.249545+00:00,stratolink-3-eu,40.5472281,-5.3064298,10020,5.366,4.962,8738,3
2026-05-28T18:36:39.766139+00:00,stratolink-3-eu,40.5472281,-5.3064298,10020,5.366,5.024,8738,3
2026-05-28T18:41:47.316307+00:00,stratolink-3-eu,40.5472281,-5.3064298,10020,5.38,5.052,8738,2
2026-05-28T18:46:55.408579+00:00,stratolink-3-eu,40.5472281,-5.3064298,10020,5.362,4.998,8738,2
2026-05-28T18:52:03.355429+00:00,stratolink-3-eu,40.5472281,-5.3064298,10020,5.372,4.954,8738,2
2026-05-28T18:57:11.301998+00:00,stratolink-3-eu,40.5472281,-5.3064298,10020,5.364,4.98,8738,2
2026-05-28T19:02:19.23018+00:00,stratolink-3-eu,40.5472281,-5.3064298,10020,5.36,4.998,8738,2
2026-05-28T19:07:27.498056+00:00,stratolink-3-eu,40.5472281,-5.3064298,10020,5.372,4.96,8738,2
2026-05-28T19:12:36.308305+00:00,stratolink-3-eu,40.5472281,-5.3064298,10020,5.36,4.974,8738,2
2026-05-28T19:17:44.37561+00:00,stratolink-3-eu,40.5472281,-5.3064298,10020,5.366,5,8738,2
2026-05-28T19:22:52.483996+00:00,stratolink-3-eu,40.5472281,-5.3064298,10020,5.36,4.954,8738,2
2026-05-28T19:28:00.735272+00:00,stratolink-3-eu,40.5472281,-5.3064298,10020,5.386,4.716,8738,2
2026-05-28T19:33:09.971164+00:00,stratolink-3-eu,40.5472281,-5.3064298,10020,4.444,3.646,8738,1
2026-05-28T19:43:13.302496+00:00,stratolink-3-eu,,,,3.374,3.116,2662,0
2026-05-28T19:58:20.366112+00:00,stratolink-3-eu,,,,3.322,1.426,81,0
