time,device_id,acoustic_event,battery_voltage,solar_voltage,rssi,snr,lora_sf,pressure,altitude_m,temperature
2026-05-31T20:09:59.314755+00:00,stratolink-2,0,4.658,0.008,-51,7,7,1015.8,,30.1
2026-05-31T20:15:33.310934+00:00,stratolink-2,0,4.668,0.008,-60,9,7,1015.7,,29.1
2026-05-31T20:21:07.318003+00:00,stratolink-2,0,4.656,0.006,-60,10,7,1015.7,,28.7
2026-05-31T20:26:41.314689+00:00,stratolink-2,0,4.668,0.006,-60,10.25,7,1015.7,,28.7
2026-05-31T20:32:15.312005+00:00,stratolink-2,0,4.664,0.006,-58,9.75,7,1015.7,,28.7
2026-05-31T20:37:49.281644+00:00,stratolink-2,0,4.668,0.008,-54,9.75,7,1015.7,,28.7
2026-05-31T20:43:24.323689+00:00,stratolink-2,0,4.664,0.006,-69,9.5,7,1015.6,,28.6
2026-05-31T20:48:58.320089+00:00,stratolink-2,0,4.668,0.006,-63,10,7,1015.6,,28.6
2026-05-31T20:54:32.33107+00:00,stratolink-2,0,4.66,0.008,-63,6.5,7,1015.6,,28.5
2026-05-31T21:00:06.310437+00:00,stratolink-2,0,4.664,0.006,-61,9.5,7,1015.6,,28.5
2026-05-31T21:05:40.489235+00:00,stratolink-2,0,4.658,0.006,-61,9.5,7,1015.5,,28.4
2026-05-31T21:11:15.318035+00:00,stratolink-2,0,4.658,0.008,-60,10.75,7,1015.5,,28.5
2026-05-31T21:16:49.309578+00:00,stratolink-2,0,4.66,0.006,-76,9.25,7,1015.4,,28.7
2026-05-31T21:22:23.299702+00:00,stratolink-2,0,4.664,0.008,-52,10.25,7,1015.4,,28.9
2026-05-31T21:27:57.322277+00:00,stratolink-2,0,4.658,0.008,-51,10,7,1015.4,,28.9
2026-05-31T21:33:31.314553+00:00,stratolink-2,0,4.668,0.006,-55,9.25,7,1015.3,,29
2026-05-31T21:39:05.312186+00:00,stratolink-2,0,4.66,0.008,-57,6.5,7,1015.3,,29.8
2026-05-31T21:50:51.097333+00:00,stratolink-2,0,4.664,0.47,-55,9,7,1015.3,-11,30.2
2026-05-31T21:56:09.118996+00:00,stratolink-2,0,4.66,0.006,-60,9.5,7,1015.2,30,28.5
2026-05-31T22:00:15.340113+00:00,stratolink-2,0,4.662,0.022,-55,10.5,7,1015.2,,29.5
2026-05-31T22:05:49.32985+00:00,stratolink-2,0,4.664,0.002,-59,6.5,7,1015.1,,28.4
2026-05-31T22:11:23.313336+00:00,stratolink-2,0,4.658,0.002,-57,10.5,7,1015.1,,28.5
2026-05-31T22:16:57.317753+00:00,stratolink-2,0,4.664,0.006,-55,9,7,1015.1,,28.5
2026-05-31T23:08:30.309831+00:00,stratolink-2,0,4.664,0.012,-53,9.75,7,1014.6,,28.2
2026-06-01T00:04:20.079859+00:00,stratolink-2,0,4.662,0.448,-60,9.25,7,1014.2,1,29
2026-06-01T00:09:28.078708+00:00,stratolink-2,0,4.664,0.006,-48,9.25,7,1014.1,29,27
2026-06-01T00:14:36.0808+00:00,stratolink-2,0,4.66,0.008,-49,8.25,7,1014.1,-6,26.9
2026-06-01T00:19:44.063084+00:00,stratolink-2,0,4.664,0.008,-51,9.5,7,1014,14,26.7
2026-06-01T00:25:04.089784+00:00,stratolink-2,0,4.664,0.004,-49,9.25,7,1014,-60,26.9
2026-06-01T00:30:21.094538+00:00,stratolink-2,0,4.65,0.006,-51,10.25,7,1014,-20,26.8
2026-06-01T00:35:29.092459+00:00,stratolink-2,0,4.664,0.008,-49,8.5,7,1014,-41,26.5
2026-06-01T00:40:43.088583+00:00,stratolink-2,0,4.664,0.006,-49,8.5,7,1014,-5,26.5
2026-06-01T00:45:51.085827+00:00,stratolink-2,0,4.67,0.004,-51,9.75,7,1013.9,1,26.3
2026-06-01T00:50:58.082523+00:00,stratolink-2,0,4.658,0.006,-49,9.75,7,1013.9,5,26.2
2026-06-01T00:56:05.099836+00:00,stratolink-2,0,4.648,0.006,-51,7,7,1013.8,-4,26.1
2026-06-01T01:01:21.113763+00:00,stratolink-2,0,4.664,0.006,-51,9.25,7,1013.8,19,26.2
2026-06-01T01:06:29.110072+00:00,stratolink-2,0,4.65,0.008,-51,9.25,7,1013.8,-2,25.9
2026-06-01T01:11:45.075794+00:00,stratolink-2,0,4.664,0.008,-48,8.75,7,1013.7,81,26
2026-06-01T01:17:03.095105+00:00,stratolink-2,0,4.664,0.008,-51,10.5,7,1013.7,14,26
2026-06-01T01:22:15.067713+00:00,stratolink-2,0,4.65,0.008,-52,9.5,7,1013.7,-35,25.8
2026-06-01T01:27:22.078214+00:00,stratolink-2,0,4.66,0.008,-52,9.5,7,1013.6,-2,25.7
2026-06-01T01:32:29.079876+00:00,stratolink-2,0,4.664,0.006,-51,10.5,7,1013.6,-5,25.6
2026-06-01T01:38:03.178853+00:00,stratolink-2,0,4.664,0.008,-51,7.5,7,1013.5,,26.1
2026-06-01T01:43:21.061045+00:00,stratolink-2,0,4.662,0.008,-51,9.5,7,1013.6,-3,25.7
2026-06-01T01:48:39.071543+00:00,stratolink-2,0,4.66,0.004,-51,9.25,7,1013.6,61,25.5
2026-06-01T01:53:46.087103+00:00,stratolink-2,0,4.66,0.006,-49,9.5,7,1013.5,-12,25.3
2026-06-01T01:58:54.089792+00:00,stratolink-2,0,4.66,0.006,-51,10,7,1013.5,-7,25.2
2026-06-01T02:04:05.088872+00:00,stratolink-2,0,4.66,0.006,-51,9,7,1013.5,-67,25.2
2026-06-01T02:09:25.082984+00:00,stratolink-2,0,4.654,0.008,-52,9.75,7,1013.6,-39,25.3
2026-06-01T02:14:36.098761+00:00,stratolink-2,0,4.664,0.008,-51,9.5,7,1013.6,23,24.9
2026-06-01T02:20:10.342574+00:00,stratolink-2,0,4.664,0.006,-53,7.25,7,1013.5,,25.3
2026-06-01T02:25:25.079339+00:00,stratolink-2,0,4.666,0.006,-51,10,7,1013.5,-17,24.8
2026-06-01T02:30:36.293053+00:00,stratolink-2,0,4.67,0.006,-51,9.5,7,1013.5,9,24.7
2026-06-01T02:35:53.076724+00:00,stratolink-2,0,4.664,0.006,-51,10.25,7,1013.5,6,24.7
2026-06-01T02:41:27.35249+00:00,stratolink-2,0,4.664,0.002,-51,10.25,7,1013.5,,25
2026-06-01T02:47:01.171222+00:00,stratolink-2,0,4.658,0.006,-52,9.75,7,1013.5,,24.9
2026-06-01T02:52:21.102506+00:00,stratolink-2,0,4.656,0.004,-53,10,7,1013.6,16,24.5
2026-06-01T02:57:30.079025+00:00,stratolink-2,0,4.654,0.008,-51,10.5,7,1013.7,14,24.2
2026-06-01T03:03:03.183716+00:00,stratolink-2,0,4.66,0.006,-49,7.25,7,1013.7,,24.6
2026-06-01T03:08:36.33949+00:00,stratolink-2,0,4.654,0.008,-49,9,7,1013.8,,24.6
2026-06-01T03:13:48.098665+00:00,stratolink-2,0,4.662,0.006,-53,9.5,7,1013.8,79,24
2026-06-01T03:18:57.086424+00:00,stratolink-2,0,4.654,0.006,-51,10.25,7,1013.7,-29,23.8
2026-06-01T03:24:30.342432+00:00,stratolink-2,0,4.664,0.008,-51,9.5,7,1013.8,,24.3
2026-06-01T03:29:42.078283+00:00,stratolink-2,0,4.654,0.006,-50,8.5,7,1013.8,24,23.7
2026-06-01T03:35:15.358579+00:00,stratolink-2,0,4.666,0.006,-54,9,7,1013.7,,24.1
2026-06-01T03:40:39.079864+00:00,stratolink-2,0,4.658,0.006,-52,10,7,1013.7,109,23.8
2026-06-01T03:45:55.089012+00:00,stratolink-2,0,4.658,0.008,-53,8,7,1013.7,-53,23.6
2026-06-01T03:51:04.097353+00:00,stratolink-2,0,4.666,0.006,-49,8.75,7,1013.7,-267,23.3
2026-06-01T03:56:17.085842+00:00,stratolink-2,0,4.66,0.006,-49,8.5,7,1013.7,0,23.3
2026-06-01T04:01:31.088912+00:00,stratolink-2,0,4.664,0.006,-51,9.75,7,1013.7,-34,23.3
2026-06-01T04:07:02.086411+00:00,stratolink-2,0,4.668,0.006,-49,8.5,7,1013.7,63,23.6
2026-06-01T04:12:16.064799+00:00,stratolink-2,0,4.658,0.006,-51,10,7,1013.7,97,23
2026-06-01T04:17:29.104405+00:00,stratolink-2,0,4.654,0.006,-53,9.75,7,1013.7,0,23
2026-06-01T04:22:53.08844+00:00,stratolink-2,0,4.664,0.004,-49,9.75,7,1013.7,-143,23.2
2026-06-01T04:28:09.101315+00:00,stratolink-2,0,4.666,0.008,-51,7.25,7,1013.7,149,22.9
2026-06-01T04:33:42.18637+00:00,stratolink-2,0,4.662,0.008,-48,9,7,1013.7,,23.4
2026-06-01T04:39:15.175555+00:00,stratolink-2,0,4.664,0.006,-49,10.25,7,1013.7,,23.5
2026-06-01T04:44:27.083502+00:00,stratolink-2,0,4.668,0.006,-46,9.25,7,1013.8,-72,23
2026-06-01T04:50:01.278018+00:00,stratolink-2,0,4.664,0.006,-46,9,7,1013.8,,23.5
2026-06-01T04:55:15.066438+00:00,stratolink-2,0,4.658,0.006,-49,10,7,1013.9,-21,23.1
2026-06-01T05:00:34.08814+00:00,stratolink-2,0,4.66,0.004,-51,9.5,7,1013.9,-17,23.2
2026-06-01T05:05:53.086304+00:00,stratolink-2,0,4.668,0.006,-48,9.25,7,1013.9,136,23.2
2026-06-01T05:11:26.354864+00:00,stratolink-2,0,4.66,0.004,-43,6.75,7,1013.9,,23.5
2026-06-01T05:17:00.341613+00:00,stratolink-2,0,4.664,0.004,-48,9.75,7,1014,,23.5
2026-06-01T05:22:34.21004+00:00,stratolink-2,0,4.67,0.008,-47,8.5,7,1014,,23.5
2026-06-01T05:28:08.356711+00:00,stratolink-2,0,4.664,0.006,-48,9.25,7,1013.9,,23.5
2026-06-01T05:33:42.188656+00:00,stratolink-2,0,4.658,0.006,-46,9.5,7,1014,,23.5
2026-06-01T05:39:15.36441+00:00,stratolink-2,0,4.664,0.004,-49,9.5,7,1014,,23.5
2026-06-01T05:44:48.334616+00:00,stratolink-2,0,4.654,0.004,-49,10,7,1014.1,,23.5
2026-06-01T05:50:21.363717+00:00,stratolink-2,0,4.654,0.006,-48,11.25,7,1014,,23.5
2026-06-01T05:55:41.09292+00:00,stratolink-2,0,4.664,0.008,-43,6.5,7,1014.1,-163,23.1
2026-06-01T06:01:06.103951+00:00,stratolink-2,0,4.668,0.006,-47,8.5,7,1014.1,-18,23.2
2026-06-01T06:06:16.097591+00:00,stratolink-2,0,4.664,0.006,-49,10,7,1014.1,-1,22.8
2026-06-01T06:11:31.095769+00:00,stratolink-2,0,4.666,0.006,-48,9.75,7,1014.1,-33,22.9
2026-06-01T06:16:56.080906+00:00,stratolink-2,0,4.662,0.006,-46,9,7,1014,-139,23.1
2026-06-01T06:22:12.085594+00:00,stratolink-2,0,4.658,0.006,-48,10,7,1014.1,31,22.8
2026-06-01T06:27:45.342951+00:00,stratolink-2,0,4.664,0.006,-49,10,7,1014,,23.2
2026-06-01T06:33:18.223982+00:00,stratolink-2,0,4.664,0.006,-48,9.25,7,1013.9,,23.1
2026-06-01T06:38:51.213464+00:00,stratolink-2,0,4.664,0.006,-48,7.25,7,1013.9,,23.1
2026-06-01T06:44:25.296676+00:00,stratolink-2,0,4.658,0.004,-47,9,7,1013.9,,23.2
2026-06-01T06:49:59.226067+00:00,stratolink-2,0,4.664,0.004,-47,9,7,1014,,23.2
2026-06-01T06:55:32.180301+00:00,stratolink-2,0,4.658,0.004,-47,9,7,1013.8,,23.1
2026-06-01T07:00:40.677031+00:00,stratolink-2,0,4.664,0.006,-48,10,7,1013.8,34,22.6
2026-06-01T07:05:47.109065+00:00,stratolink-2,0,4.65,0.004,-49,8.5,7,1013.7,-46,22.5
2026-06-01T07:10:55.096485+00:00,stratolink-2,0,4.664,0.006,-49,10.75,7,1013.6,11,22.5
2026-06-01T07:16:01.094163+00:00,stratolink-2,0,4.664,0.004,-49,11,7,1013.7,-49,22.4
2026-06-01T07:21:08.100516+00:00,stratolink-2,0,4.66,0.006,-48,7.5,7,1013.8,-26,22.4
2026-06-01T07:26:17.075408+00:00,stratolink-2,0,4.664,0.008,-47,8,7,1013.7,-27,22.4
2026-06-01T07:31:27.071725+00:00,stratolink-2,0,4.668,0.008,-46,9,7,1013.7,20,22.4
2026-06-01T07:36:58.088207+00:00,stratolink-2,0,4.658,0.008,-46,9.25,7,1013.6,-43,22.8
2026-06-01T07:42:09.097408+00:00,stratolink-2,0,4.666,0.006,-49,11,7,1013.5,-30,22.4
2026-06-01T07:47:15.087947+00:00,stratolink-2,0,4.664,0.008,-49,9.5,7,1013.5,-50,22.2
2026-06-01T07:52:20.092614+00:00,stratolink-2,0,4.654,0.006,-48,9.75,7,1013.5,-15,22.2
2026-06-01T07:57:26.090992+00:00,stratolink-2,0,4.658,0.004,-48,9.75,7,1013.4,-18,22.2
2026-06-01T08:07:39.100733+00:00,stratolink-2,0,4.65,0.004,-49,10.25,7,1013.4,-19,22.1
2026-06-01T08:12:46.091645+00:00,stratolink-2,0,4.656,0.004,-48,10,7,1013.4,-9,22.1
2026-06-01T08:18:01.143123+00:00,stratolink-2,0,4.658,0.004,-48,10,7,1013.4,4,22.2
2026-06-01T08:23:11.082698+00:00,stratolink-2,0,4.664,0.004,-49,9,7,1013.3,-36,22.1
2026-06-01T08:28:44.37825+00:00,stratolink-2,0,4.66,0.004,-49,10,7,1013.3,,22.6
2026-06-01T08:34:16.144721+00:00,stratolink-2,0,4.658,0.004,-48,9.25,7,1013.3,-18,22.5
2026-06-01T08:39:28.094147+00:00,stratolink-2,0,4.66,0.002,-47,8.75,7,1013.3,27,22
2026-06-01T08:44:42.074887+00:00,stratolink-2,0,4.658,0.006,-41,6.25,7,1013.2,-39,22.1
2026-06-01T08:49:52.077418+00:00,stratolink-2,0,4.658,0.006,-48,9.25,7,1013.2,-63,22
2026-06-01T08:55:25.19055+00:00,stratolink-2,0,4.65,0.006,-49,10.5,7,1013.2,,22.5
2026-06-01T09:00:32.082859+00:00,stratolink-2,0,4.664,0.004,-47,9.25,7,1013,26,21.9
2026-06-01T09:05:46.082817+00:00,stratolink-2,0,4.668,0.006,-49,9,7,1013.1,14,21.9
2026-06-01T09:11:14.068673+00:00,stratolink-2,0,4.67,0.008,-49,9.75,7,1013.1,-89,22.3
2026-06-01T09:16:22.083852+00:00,stratolink-2,0,4.67,0.006,-48,9,7,1013.1,13,21.8
2026-06-01T09:21:32.09686+00:00,stratolink-2,0,4.666,0.006,-48,10,7,1013.1,0,21.8
2026-06-01T09:26:47.099157+00:00,stratolink-2,0,4.664,0.006,-46,7.25,7,1013.1,-37,21.9
2026-06-01T09:32:04.09537+00:00,stratolink-2,0,4.664,0.004,-48,9.25,7,1013.1,18,21.9
2026-06-01T09:37:37.186879+00:00,stratolink-2,0,4.67,0.006,-49,9.5,7,1013.1,,22.2
2026-06-01T09:42:57.088922+00:00,stratolink-2,0,4.662,0.006,-47,8.5,7,1013.1,125,22
2026-06-01T09:48:06.082272+00:00,stratolink-2,0,4.664,0.004,-48,9,7,1013,-130,21.6
2026-06-01T09:53:17.087759+00:00,stratolink-2,0,4.664,0.004,-48,8.75,7,1013.1,23,21.6
2026-06-01T09:58:50.114114+00:00,stratolink-2,0,4.668,0.006,-48,9.5,7,1013.1,-314,22.1
2026-06-01T10:04:04.096176+00:00,stratolink-2,0,4.664,0.006,-48,9,7,1013,-69,21.7
2026-06-01T10:09:12.091812+00:00,stratolink-2,0,4.668,0.004,-45,6.25,7,1013,84,21.5
2026-06-01T10:14:23.094641+00:00,stratolink-2,0,4.658,0.006,-48,9.75,7,1013,-68,21.5
2026-06-01T10:19:41.105711+00:00,stratolink-2,0,4.664,0.006,-48,8.75,7,1013,-48,21.7
2026-06-01T10:24:50.093836+00:00,stratolink-2,0,4.66,0.004,-48,9.75,7,1013,-16,21.4
2026-06-01T10:29:59.082545+00:00,stratolink-2,0,4.65,0.006,-49,9.25,7,1013,-15,21.4
2026-06-01T10:35:09.084537+00:00,stratolink-2,0,4.66,0.006,-49,10.25,7,1012.9,-2,21.4
2026-06-01T10:40:17.46771+00:00,stratolink-2,0,4.662,0.004,-47,9,7,1012.9,-28,21.3
2026-06-01T10:45:28.085594+00:00,stratolink-2,0,4.66,0.006,-47,9.75,7,1013,26,21.4
2026-06-01T10:50:36.086205+00:00,stratolink-2,0,4.664,0.004,-49,7,7,1013,-54,21.3
2026-06-01T10:55:44.106975+00:00,stratolink-2,0,4.662,0.004,-48,9.5,7,1013,-9,21.3
2026-06-01T11:01:09.071921+00:00,stratolink-2,0,4.656,0.006,-49,10.25,7,1013,-58,21.6
2026-06-01T11:06:42.37351+00:00,stratolink-2,0,4.662,0.004,-46,9.25,7,1013.1,,21.8
2026-06-01T11:12:15.212837+00:00,stratolink-2,0,4.656,0.006,-47,9.25,7,1013.1,,21.7
2026-06-01T11:17:49.181833+00:00,stratolink-2,0,4.664,0.006,-49,10.25,7,1013,,21.7
2026-06-01T11:23:09.107183+00:00,stratolink-2,0,4.658,0.004,-48,9.75,7,1013,-69,21.4
2026-06-01T11:28:18.241799+00:00,stratolink-2,0,4.664,0.006,-48,10,7,1013,-56,21.1
2026-06-01T11:33:28.097822+00:00,stratolink-2,0,4.658,0.006,-46,6.5,7,1013.1,-10,21.2
2026-06-01T11:38:37.110685+00:00,stratolink-2,0,4.664,0.006,-48,9.25,7,1013.1,-46,21.1
2026-06-01T11:43:54.101154+00:00,stratolink-2,0,4.664,0.008,-47,9.5,7,1013,-128,21.2
2026-06-01T11:49:27.196243+00:00,stratolink-2,0,4.66,0.006,-47,9,7,1013,,21.6
2026-06-01T11:55:00.18397+00:00,stratolink-2,0,4.658,0.008,-48,9,7,1013.1,,21.5
2026-06-01T12:00:14.082704+00:00,stratolink-2,0,4.658,0.004,-49,9.75,7,1013,-13,21.1
2026-06-01T12:05:25.069915+00:00,stratolink-2,0,4.67,0.006,-49,9.25,7,1013,-9,21
2026-06-01T12:10:36.077959+00:00,stratolink-2,0,4.668,0.006,-47,9.5,7,1013,-9,21
2026-06-01T12:15:48.100223+00:00,stratolink-2,0,4.664,0.004,-48,6.75,7,1013,-24,21
2026-06-01T12:21:02.089494+00:00,stratolink-2,0,4.654,0.004,-48,10.75,7,1013,3,21
2026-06-01T12:26:14.099045+00:00,stratolink-2,0,4.654,0.006,-48,10,7,1013,-29,20.9
2026-06-01T12:31:27.062481+00:00,stratolink-2,0,4.664,0.006,-46,10,7,1013.1,-117,20.9
2026-06-01T12:36:41.088854+00:00,stratolink-2,0,4.66,0.006,-48,8.5,7,1013.1,53,20.9
2026-06-01T12:42:07.108066+00:00,stratolink-2,0,4.65,0.006,-49,9.5,7,1013.2,45,21.2
2026-06-01T12:47:21.079679+00:00,stratolink-2,0,4.664,0.002,-49,10.25,7,1013.2,22,20.9
2026-06-01T12:52:31.093764+00:00,stratolink-2,0,4.662,0.004,-48,9.75,7,1013.1,-37,20.8
2026-06-01T12:57:41.082638+00:00,stratolink-2,0,4.664,0.006,-43,6.5,7,1013.1,34,20.8
2026-06-01T13:02:48.080556+00:00,stratolink-2,0,4.668,0.006,-46,8.5,7,1013.1,-54,20.8
2026-06-01T13:07:59.089469+00:00,stratolink-2,0,4.664,0.004,-48,9.75,7,1013.2,-33,20.8
2026-06-01T13:13:08.089869+00:00,stratolink-2,0,4.66,0.004,-47,8.75,7,1013.2,2,20.9
2026-06-01T13:18:15.086896+00:00,stratolink-2,0,4.67,0.004,-47,9,7,1013.2,-31,20.9
2026-06-01T13:23:24.103826+00:00,stratolink-2,0,4.66,0.006,-49,8.75,7,1013.1,-26,21
2026-06-01T13:28:38.081026+00:00,stratolink-2,0,4.664,0.006,-49,9.5,7,1013.2,141,21.1
2026-06-01T13:33:50.083616+00:00,stratolink-2,0,4.666,0.004,-48,10,7,1013.2,24,21.2
2026-06-01T13:39:00.584819+00:00,stratolink-2,0,4.664,0.004,-48,7,7,1013.3,8,21.2
2026-06-01T13:44:33.209904+00:00,stratolink-2,0,4.668,0.006,-48,9,7,1013.3,,21.8
2026-06-01T13:49:42.069444+00:00,stratolink-2,0,4.67,0.006,-47,8.75,7,1013.3,3,21.3
2026-06-01T13:54:57.240825+00:00,stratolink-2,0,4.654,0.004,-48,9.5,7,1013.3,32,21.5
2026-06-01T14:00:06.094576+00:00,stratolink-2,0,4.658,0.006,-47,9.5,7,1013.3,152,21.5
2026-06-01T14:05:17.085343+00:00,stratolink-2,0,4.66,0.006,-51,9.75,7,1013.3,-3,21.6
2026-06-01T14:10:40.102425+00:00,stratolink-2,0,4.668,0.008,-48,8.25,7,1013.3,-12,21.9
2026-06-01T14:15:52.079027+00:00,stratolink-2,0,4.66,0.006,-48,10.5,7,1013.3,0,21.8
2026-06-01T14:21:25.284806+00:00,stratolink-2,0,4.658,0.004,-43,7,7,1013.4,,22.4
2026-06-01T14:26:36.082072+00:00,stratolink-2,0,4.668,0.004,-49,10,7,1013.3,-3,22
2026-06-01T14:31:51.093184+00:00,stratolink-2,0,4.658,0.006,-47,9.5,7,1013.3,11,22.2
2026-06-01T14:37:10.079654+00:00,stratolink-2,0,4.666,0.006,-47,9.25,7,1013.3,-50,22.4
2026-06-01T14:42:43.34298+00:00,stratolink-2,0,4.658,0.008,-46,8.75,7,1013.3,,22.8
2026-06-01T14:47:52.081883+00:00,stratolink-2,0,4.658,0.008,-49,9.5,7,1013.2,-20,22.4
2026-06-01T14:53:03.671235+00:00,stratolink-2,0,4.664,0.006,-48,9.75,7,1013.2,0,22.6
2026-06-01T14:58:24.67648+00:00,stratolink-2,0,4.66,0.006,-45,8.75,7,1013.2,-9,23
2026-06-01T15:03:32.08475+00:00,stratolink-2,0,4.66,0.006,-46,6.75,7,1013.2,23,22.9
2026-06-01T15:08:49.252489+00:00,stratolink-2,0,4.66,0.006,-47,9.75,7,1013.2,29,23.2
2026-06-01T15:13:57.449568+00:00,stratolink-2,0,4.668,0.006,-46,9.25,7,1013.2,28,23.2
2026-06-01T15:19:30.335126+00:00,stratolink-2,0,4.668,0.006,-47,10.5,7,1013.1,,23.9
2026-06-01T15:25:03.385708+00:00,stratolink-2,0,4.662,0.006,-47,10,7,1013.1,,24.2
2026-06-01T15:30:11.079075+00:00,stratolink-2,0,4.67,0.006,-47,10.25,7,1013.1,1,23.8
2026-06-01T15:35:21.085485+00:00,stratolink-2,0,4.66,0.006,-48,9.75,7,1013.1,-104,24
2026-06-01T15:40:29.09367+00:00,stratolink-2,0,4.664,0.008,-47,10.25,7,1013.1,-23,24.1
2026-06-01T15:45:38.07675+00:00,stratolink-2,0,4.664,0.006,-47,7.25,7,1013.1,67,24.4
2026-06-01T15:50:46.081756+00:00,stratolink-2,0,4.664,0.006,-44,9.25,7,1013.1,-13,24.7
2026-06-01T15:56:00.069423+00:00,stratolink-2,0,4.666,0.006,-47,9.25,7,1013.1,-7,25
2026-06-01T16:01:18.08525+00:00,stratolink-2,0,4.664,0.006,-44,9.5,7,1013.1,9,25.4
2026-06-01T16:06:27.118934+00:00,stratolink-2,0,4.668,0.006,-47,10,7,1013.1,-11,25.3
2026-06-01T16:12:00.347449+00:00,stratolink-2,0,4.664,0.006,-48,10.25,7,1013.1,,26.1
2026-06-01T16:17:13.093577+00:00,stratolink-2,0,4.66,0.006,-47,9.25,7,1013,-35,25.9
2026-06-01T16:22:39.091192+00:00,stratolink-2,0,4.654,0.006,-44,9.25,7,1012.8,55,26.6
2026-06-01T16:27:48.082354+00:00,stratolink-2,0,4.658,0.006,-46,7.75,7,1012.7,90,26.6
2026-06-01T16:33:22.190853+00:00,stratolink-2,0,4.65,0.008,-46,9.75,7,1012.7,,27.6
2026-06-01T16:38:56.113495+00:00,stratolink-2,0,4.666,0.006,-47,9,7,1012.6,-70,28.1
2026-06-01T16:44:30.345911+00:00,stratolink-2,0,4.668,0.008,-45,9,7,1009.9,,37
2026-06-01T16:49:46.08699+00:00,stratolink-2,0,4.666,0.012,-46,10,7,1009.7,53,41.9
2026-06-01T16:54:57.078044+00:00,stratolink-2,0,4.668,0.014,-45,9.25,7,1009.4,-13,43
2026-06-01T17:00:14.589179+00:00,stratolink-2,0,4.664,0.016,-47,9.75,7,1009.4,-11,44.2
2026-06-01T17:05:36.080531+00:00,stratolink-2,0,4.664,0.016,-47,10.25,7,1009.2,0,45
2026-06-01T17:11:07.122768+00:00,stratolink-2,0,4.662,0.016,-45,8,7,1008.9,19,45.7
2026-06-01T17:16:24.298496+00:00,stratolink-2,0,4.666,0.016,-45,10,7,1009,34,46.2
2026-06-01T17:21:43.099118+00:00,stratolink-2,0,4.668,0.016,-47,10.5,7,1009.1,61,46.3
2026-06-01T17:27:06.141164+00:00,stratolink-2,0,4.66,0.016,-44,9,7,1009,10,46.8
2026-06-01T17:32:23.084547+00:00,stratolink-2,0,4.65,0.016,-47,10,7,1008.7,23,46.7
2026-06-01T17:37:40.254641+00:00,stratolink-2,0,4.666,0.016,-48,10.25,7,1008.8,14,46.2
2026-06-01T17:42:53.083207+00:00,stratolink-2,1,4.662,0.018,-47,9.5,7,1008.9,6,44.7
2026-06-01T17:48:25.086059+00:00,stratolink-2,0,4.658,0.016,-47,10.25,7,1008.9,-42,42.5
2026-06-01T17:53:30.088967+00:00,stratolink-2,0,4.658,0.016,-46,7.75,7,1011.8,-17,40.3
2026-06-01T17:58:42.129125+00:00,stratolink-2,0,4.658,0.014,-47,9.5,7,1013,-9,37.9
2026-06-01T18:03:51.109565+00:00,stratolink-2,0,4.664,0.014,-45,8.75,7,1013,-6,38.1
2026-06-01T18:09:01.092571+00:00,stratolink-2,0,4.666,0.012,-46,9.5,7,1013,-24,38.8
2026-06-01T18:14:08.099053+00:00,stratolink-2,0,4.662,0.01,-46,10,7,1012.8,-19,42.6
2026-06-01T18:19:21.125318+00:00,stratolink-2,0,4.658,0.012,-47,9,7,1006.3,9,44.8
2026-06-01T18:24:38.080496+00:00,stratolink-2,0,4.65,0.014,-48,10.25,7,1005,19,47
2026-06-01T18:29:51.10741+00:00,stratolink-2,0,4.666,0.016,-47,9.75,7,1004.8,-7,48.7
2026-06-01T18:35:02.107162+00:00,stratolink-2,0,4.65,0.018,-45,7.5,7,1003.8,21,49
2026-06-01T18:40:16.093449+00:00,stratolink-2,1,4.65,0.02,-47,9.75,7,1003.9,-16,49
2026-06-01T18:45:30.095974+00:00,stratolink-2,0,4.65,0.02,-45,9,7,1004.2,-13,49.1
2026-06-01T18:50:45.100023+00:00,stratolink-2,0,4.658,0.02,-46,10.5,7,1005.3,42,49.2
2026-06-01T18:56:11.098684+00:00,stratolink-2,0,4.664,0.018,-44,9.25,7,1004.7,74,49.2
2026-06-01T19:01:22.091308+00:00,stratolink-2,0,4.65,0.016,-46,9,7,1004.8,25,48.6
2026-06-01T19:06:36.084547+00:00,stratolink-2,0,4.66,0.018,-48,10.5,7,1006.5,-13,48.2
2026-06-01T19:11:51.089712+00:00,stratolink-2,0,4.664,0.016,-45,9.75,7,1008.2,3,47.9
2026-06-01T19:17:08.083772+00:00,stratolink-2,0,4.65,0.016,-44,8,7,1006.9,10,46.8
2026-06-01T19:22:27.086656+00:00,stratolink-2,0,4.65,0.016,-47,10.25,7,1009.1,13,44.9
2026-06-01T19:27:42.090707+00:00,stratolink-2,0,4.65,0.014,-48,10.75,7,1011.1,-2,40.9
2026-06-01T19:32:58.095895+00:00,stratolink-2,0,4.664,0.012,-47,10.5,7,1012.7,-26,36.7
2026-06-01T19:38:11.078848+00:00,stratolink-2,0,4.658,0.008,-47,9.75,7,1013.4,49,33.6
2026-06-01T19:43:23.081263+00:00,stratolink-2,0,4.67,0.008,-48,9.25,7,1013.3,7,32.5
2026-06-01T19:48:38.096795+00:00,stratolink-2,0,4.65,0.008,-48,9.75,7,1013.4,-23,31.9
2026-06-01T19:53:47.0801+00:00,stratolink-2,0,4.652,0.008,-47,10.75,7,1013.4,78,31.5
2026-06-01T19:59:13.082749+00:00,stratolink-2,0,4.658,0.008,-47,7,7,1013.4,3,31.6
2026-06-01T20:04:27.120419+00:00,stratolink-2,0,4.654,0.008,-47,10.25,7,1013.5,-24,31
2026-06-01T20:09:37.081278+00:00,stratolink-2,0,4.666,0.008,-47,8.75,7,1013.4,55,30.7
2026-06-01T20:14:49.107083+00:00,stratolink-2,0,4.668,0.008,-46,9.25,7,1013.4,-7,30.6
2026-06-01T20:20:05.077405+00:00,stratolink-2,0,4.666,0.008,-46,10,7,1013.4,-33,30.6
2026-06-01T20:25:17.094956+00:00,stratolink-2,0,4.672,0.008,-48,9.25,7,1013.4,182,30.3
2026-06-01T20:30:35.470016+00:00,stratolink-2,0,4.66,0.008,-46,8.75,7,1013.4,9,30.3
2026-06-01T20:35:52.104194+00:00,stratolink-2,0,4.666,0.008,-46,9.5,7,1013.4,39,30.2
2026-06-01T20:41:11.087393+00:00,stratolink-2,0,4.664,0.008,-46,7.25,7,1013.4,-62,30.1
2026-06-01T20:46:36.090542+00:00,stratolink-2,0,4.664,0.008,-46,10,7,1013.5,-88,30.2
2026-06-01T20:51:50.090583+00:00,stratolink-2,0,4.664,0.008,-47,9.75,7,1013.5,19,29.8
2026-06-01T20:57:15.115935+00:00,stratolink-2,0,4.664,0.008,-47,10.25,7,1013.5,20,30.1
2026-06-01T21:02:32.095668+00:00,stratolink-2,0,4.666,0.006,-47,9.25,7,1013.5,52,29.8
2026-06-01T21:08:06.204675+00:00,stratolink-2,0,4.668,0.008,-48,9,7,1013.4,,30.1
2026-06-01T21:13:40.246234+00:00,stratolink-2,0,4.658,0.008,-48,10,7,1013.4,,30.1
2026-06-01T21:18:52.046815+00:00,stratolink-2,0,4.65,0.008,-46,10,7,1013.3,44,29.6
2026-06-01T21:24:26.334921+00:00,stratolink-2,0,4.65,0.008,-46,7,7,1013.4,,30
2026-06-01T21:29:59.083711+00:00,stratolink-2,0,4.65,0.006,-44,9.5,7,1013.4,13,30
2026-06-01T21:35:33.340431+00:00,stratolink-2,0,4.666,0.008,-48,9.5,7,1013.4,,30
2026-06-01T21:40:47.043082+00:00,stratolink-2,0,4.666,0.008,-47,9.75,7,1013.3,246,29.5
2026-06-01T21:45:55.552278+00:00,stratolink-2,0,4.664,0.008,-46,9.75,7,1013.3,794,29.3
2026-06-01T21:51:30.185049+00:00,stratolink-2,0,4.668,0.008,-48,9.5,7,1013.4,,29.9
2026-06-01T21:56:44.043823+00:00,stratolink-2,0,4.668,0.008,-48,10,7,1013.4,126,29.3
2026-06-01T22:02:19.271886+00:00,stratolink-2,0,4.666,0.008,-47,9.75,7,1013.3,,29.8
2026-06-01T22:07:49.08261+00:00,stratolink-2,0,4.666,0.008,-47,7.25,7,1013.2,92,29.6
2026-06-01T22:13:11.093367+00:00,stratolink-2,0,4.664,0.008,-47,10,7,1013.2,129,29.4
2026-06-01T22:18:23.079878+00:00,stratolink-2,0,4.662,0.006,-47,9.5,7,1013.3,-15,29.1
2026-06-01T22:23:45.072859+00:00,stratolink-2,0,4.666,0.006,-48,10.75,7,1013.3,-48,29.3
2026-06-01T22:29:07.080781+00:00,stratolink-2,0,4.664,0.008,-46,11,7,1013.3,-4,29.3
2026-06-01T22:34:21.690212+00:00,stratolink-2,0,4.67,0.008,-45,9.5,7,1013.3,11,29.1
2026-06-01T22:39:48.09619+00:00,stratolink-2,0,4.664,0.006,-48,9.75,7,1013.3,6,29.3
2026-06-01T22:45:04.07211+00:00,stratolink-2,0,4.666,0.006,-46,9.5,7,1013.2,-33,29
2026-06-01T22:50:16.089119+00:00,stratolink-2,0,4.658,0.008,-46,7.25,7,1013.2,-13,28.9
2026-06-01T22:55:35.092356+00:00,stratolink-2,0,4.666,0.004,-47,9.75,7,1013.3,-102,29
2026-06-01T23:00:51.083295+00:00,stratolink-2,0,4.666,0.008,-48,10.25,7,1013.2,-104,28.9
2026-06-01T23:06:26.175825+00:00,stratolink-2,0,4.652,0.008,-47,9.75,7,1013.1,,29.2
2026-06-01T23:11:46.072489+00:00,stratolink-2,0,4.66,0.006,-46,9.25,7,1013.1,-30,28.9
2026-06-01T23:17:21.176999+00:00,stratolink-2,0,4.664,0.008,-46,9,7,1013.2,,29.2
2026-06-01T23:21:31.197516+00:00,stratolink-2,0,4.658,0.074,-60,9.5,7,1013.1,,29.4
2026-06-01T23:27:06.212591+00:00,stratolink-2,0,4.67,0.008,-57,9.75,7,1013,,29.7
2026-06-01T23:40:48.093643+00:00,stratolink-2,0,4.664,0.432,-57,9.5,7,1012.9,-41,28.6
2026-06-01T23:41:58.100501+00:00,stratolink-2,0,4.65,0.008,-55,9,7,1012.9,-90,28.4
2026-06-01T23:43:30.467165+00:00,stratolink-2,0,4.666,0.008,-55,7.5,7,1013,,28.8
2026-06-01T23:45:04.349434+00:00,stratolink-2,0,4.67,0.008,-57,9.75,7,1012.9,,28.6
2026-06-01T23:46:37.932683+00:00,stratolink-2,0,4.666,0.006,-57,10,7,1013,,28.5
2026-06-01T23:48:11.524309+00:00,stratolink-2,0,4.658,0.008,-55,9.75,7,1013,,28.3
2026-06-01T23:49:45.099339+00:00,stratolink-2,0,4.666,0.008,-54,9.25,7,1013,,28.3
2026-06-01T23:51:17.294423+00:00,stratolink-2,0,4.664,0.006,-55,10.25,7,1013,,28.7
2026-06-01T23:52:49.318041+00:00,stratolink-2,0,4.66,0.006,-57,10.75,7,1013.1,,28.7
2026-06-01T23:54:21.285921+00:00,stratolink-2,0,4.664,0.006,-57,9.75,7,1013.1,,28.7
2026-06-01T23:55:53.312265+00:00,stratolink-2,0,4.658,0.004,-54,7.25,7,1013,,28.6
2026-06-01T23:57:25.247616+00:00,stratolink-2,0,4.664,0.006,-55,10.25,7,1013.1,,28.7
2026-06-01T23:58:31.304196+00:00,stratolink-2,0,4.666,0.074,-64,10.25,7,1013.1,,28.9
2026-06-02T00:00:03.317082+00:00,stratolink-2,0,4.66,0.008,-54,9.5,7,1013.1,,28.8
2026-06-02T00:01:35.317167+00:00,stratolink-2,0,4.664,0.008,-52,7.5,7,1013.1,,28.7
2026-06-02T00:03:07.319043+00:00,stratolink-2,0,4.658,0.006,-52,8.75,7,1013.1,,28.5
2026-06-02T00:04:40.310536+00:00,stratolink-2,0,4.66,0.006,-55,10.25,7,1013.1,,28.5
2026-06-02T00:06:12.322938+00:00,stratolink-2,0,4.668,0.008,-53,9,7,1013.1,,28.5
2026-06-02T00:07:44.309838+00:00,stratolink-2,0,4.652,0.006,-53,10.25,7,1013.1,,28.6
2026-06-02T00:09:17.33782+00:00,stratolink-2,0,4.658,0.008,-52,10,7,1013.1,,28.7
2026-06-02T00:10:31.201037+00:00,stratolink-2,0,4.664,0.164,-60,9.75,7,1013.1,-8,28.9
2026-06-02T00:12:08.082611+00:00,stratolink-2,0,4.666,0.006,-57,10.25,7,1013.1,-17,28.6
2026-06-02T00:13:15.643435+00:00,stratolink-2,0,4.664,0.006,-55,7.25,7,1013,-17,28
2026-06-02T00:14:25.436052+00:00,stratolink-2,0,4.67,0.006,-71,10.25,7,1013.1,-17,27.7
2026-06-02T00:15:35.01107+00:00,stratolink-2,0,4.666,0.006,-59,10.5,7,1013,-17,27.7
2026-06-02T00:16:44.536365+00:00,stratolink-2,0,4.666,0.008,-57,9.75,7,1013,-17,27.6
2026-06-02T00:17:54.0789+00:00,stratolink-2,0,4.658,0.008,-59,9.5,7,1013,-17,27.6
2026-06-02T00:20:46.144588+00:00,stratolink-2,0,4.66,0.008,-57,9.75,7,1013,51,27.8
2026-06-02T00:21:51.075781+00:00,stratolink-2,0,4.666,0.006,-58,8,7,1013,41,27.6
2026-06-02T00:23:08.224226+00:00,stratolink-2,0,4.664,0.008,-75,9,7,1013,20,27.7
2026-06-02T00:24:45.086089+00:00,stratolink-2,0,4.666,0.008,-65,9.25,7,1013,-6,28.1
2026-06-02T00:25:55.082762+00:00,stratolink-2,0,4.658,0.006,-57,9.75,7,1013.1,32,27.7
2026-06-02T00:27:07.081707+00:00,stratolink-2,0,4.654,0.006,-61,8.75,7,1013.1,-52,27.5
2026-06-02T00:28:32.072081+00:00,stratolink-2,0,4.672,0.008,-60,9.75,7,1013.1,-30,27.8
2026-06-02T00:29:37.083778+00:00,stratolink-2,0,4.664,0.006,-71,10.25,7,1013.1,29,27.6
2026-06-02T00:30:40.103883+00:00,stratolink-2,0,4.664,0.006,-63,9.5,7,1013,5,27.5
2026-06-02T00:31:44.08998+00:00,stratolink-2,0,4.658,0.008,-66,7.75,7,1013,-14,27.3
2026-06-02T00:33:14.660971+00:00,stratolink-2,0,4.666,0.008,-63,9.75,7,1013.1,0,27.8
2026-06-02T00:34:20.062916+00:00,stratolink-2,0,4.668,0.008,-58,8.25,7,1013,7,27.4
2026-06-02T00:35:26.071596+00:00,stratolink-2,0,4.664,0.006,-61,9.25,7,1013,-6,27.3
2026-06-02T00:36:32.0894+00:00,stratolink-2,0,4.658,0.006,-61,8.75,7,1013,-9,27.2
2026-06-02T00:38:11.101+00:00,stratolink-2,0,4.664,0.008,-61,9,7,1013.1,-3,27.7
2026-06-02T00:39:21.366114+00:00,stratolink-2,0,4.658,0.006,-66,10.25,7,1013.1,-40,27.4
2026-06-02T00:40:27.066808+00:00,stratolink-2,0,4.664,0.006,-61,9,7,1013,15,27.2
2026-06-02T00:41:55.073549+00:00,stratolink-2,0,4.664,0.008,-64,7.25,7,1013,48,27.6
2026-06-02T00:43:01.075776+00:00,stratolink-2,0,4.656,0.006,-63,9.5,7,1013,17,27.2
2026-06-02T00:44:48.120696+00:00,stratolink-2,0,4.666,0.006,-67,10,7,1013.1,1,27.9
2026-06-02T00:45:56.100606+00:00,stratolink-2,0,4.664,0.008,-73,9.5,7,1013,-33,27.3
2026-06-02T00:47:03.099461+00:00,stratolink-2,0,4.658,0.008,-69,10.5,7,1013.1,7,27.2
2026-06-02T00:48:10.081186+00:00,stratolink-2,0,4.67,0.008,-69,9.25,7,1013,-24,27
2026-06-02T00:49:16.095727+00:00,stratolink-2,0,4.658,0.008,-66,9.75,7,1013,-22,26.9
2026-06-02T00:50:21.120893+00:00,stratolink-2,0,4.664,0.008,-65,9.5,7,1013,15,26.9
2026-06-02T00:51:27.203201+00:00,stratolink-2,0,4.658,0.008,-65,7.5,7,1013,-61,26.8
2026-06-02T00:52:32.089612+00:00,stratolink-2,0,4.658,0.008,-65,10,7,1013,27,26.8
2026-06-02T00:53:39.096335+00:00,stratolink-2,0,4.662,0.006,-53,9.25,7,1013,14,26.8
2026-06-02T00:54:52.090438+00:00,stratolink-2,0,4.656,0.008,-65,9,7,1013,22,26.9
2026-06-02T00:55:58.07815+00:00,stratolink-2,0,4.644,0.006,-55,10,7,1013,-20,26.9
2026-06-02T00:56:56.095151+00:00,stratolink-2,0,4.664,0.182,-57,10,7,1013,3,27
2026-06-02T00:58:11.092477+00:00,stratolink-2,0,4.666,0.008,-65,10.5,7,1013,-41,27.1
2026-06-02T01:01:15.243892+00:00,stratolink-2,0,4.658,0.006,-69,7,7,1013,,27.4
2026-06-02T01:04:19.678593+00:00,stratolink-2,0,4.658,0.006,-66,9.25,7,1013,,27.3
2026-06-02T01:07:24.128196+00:00,stratolink-2,0,4.666,0.006,-69,10,7,1012.9,,27.2
2026-06-02T01:10:28.207188+00:00,stratolink-2,0,4.664,0.006,-69,9.75,7,1013,,27.9
2026-06-02T01:12:32.156153+00:00,stratolink-2,0,4.664,0.008,-69,9.5,7,1013,-2,27.7
2026-06-02T01:14:12.094968+00:00,stratolink-2,0,4.664,0.006,-69,9.5,7,1012.9,25,27.4
2026-06-02T01:15:24.112832+00:00,stratolink-2,0,4.66,0.006,-72,10.75,7,1013,-4,26.8
2026-06-02T01:16:35.098149+00:00,stratolink-2,0,4.658,0.006,-67,9,7,1012.9,-5,26.6
2026-06-02T01:17:45.103508+00:00,stratolink-2,0,4.66,0.006,-66,7.5,7,1013,5,26.4
2026-06-02T01:18:51.107031+00:00,stratolink-2,0,4.666,0.004,-69,9.75,7,1013,-16,26.3
2026-06-02T01:20:03.093973+00:00,stratolink-2,0,4.666,0.008,-70,9.75,7,1013,30,26.3
2026-06-02T01:21:08.100128+00:00,stratolink-2,0,4.664,0.006,-72,9.5,7,1013,-26,26.3
2026-06-02T01:22:28.085382+00:00,stratolink-2,0,4.668,0.008,-71,10.5,7,1013,23,26.6
2026-06-02T01:23:32.075759+00:00,stratolink-2,0,4.66,0.006,-73,9.75,7,1013,21,26.4
2026-06-02T01:24:37.088509+00:00,stratolink-2,0,4.664,0.006,-67,10.5,7,1013,11,26.2
2026-06-02T01:25:48.071937+00:00,stratolink-2,0,4.658,0.006,-65,8.75,7,1013,39,26.2
2026-06-02T01:27:00.098815+00:00,stratolink-2,0,4.67,0.008,-65,7.75,7,1013,50,26.3
2026-06-02T01:28:11.091595+00:00,stratolink-2,0,4.658,0.008,-71,9,7,1013.1,28,26.3
2026-06-02T01:29:23.075275+00:00,stratolink-2,0,4.658,0.006,-71,9.25,7,1013.1,16,26.2
2026-06-02T01:30:34.086632+00:00,stratolink-2,0,4.658,0.004,-67,9.25,7,1013,-39,26.2
2026-06-02T01:31:43.081622+00:00,stratolink-2,0,4.662,0.004,-69,9,7,1013,11,26.2
2026-06-02T01:32:54.073912+00:00,stratolink-2,0,4.65,0.008,-71,9.5,7,1013.1,-4,26.2
2026-06-02T01:33:59.094837+00:00,stratolink-2,0,4.666,0.006,-64,9.25,7,1013.1,17,26.1
2026-06-02T01:35:10.170424+00:00,stratolink-2,0,4.668,0.006,-63,9.5,7,1013.2,55,26.1
2026-06-02T01:36:19.09973+00:00,stratolink-2,0,4.664,0.006,-63,7,7,1013.1,8,26
2026-06-02T01:37:25.076237+00:00,stratolink-2,0,4.664,0.006,-62,9,7,1013.1,3,26
2026-06-02T01:38:33.08321+00:00,stratolink-2,0,4.664,0.008,-65,9.75,7,1013.1,23,26
2026-06-02T01:39:38.084694+00:00,stratolink-2,0,4.664,0.006,-71,9,7,1013.2,14,25.9
2026-06-02T01:40:43.096098+00:00,stratolink-2,0,4.664,0.006,-67,9.5,7,1013.1,3,25.9
2026-06-02T01:41:48.0879+00:00,stratolink-2,0,4.658,0.006,-64,8.5,7,1013.1,-19,25.8
2026-06-02T01:43:28.08956+00:00,stratolink-2,0,4.67,0.008,-61,9.5,7,1013.1,78,26.5
2026-06-02T01:44:37.092184+00:00,stratolink-2,0,4.654,0.006,-66,10.5,7,1013.1,3,26.2
2026-06-02T01:45:43.091875+00:00,stratolink-2,0,4.66,0.006,-61,7.75,7,1013.1,17,25.9
2026-06-02T01:46:53.092039+00:00,stratolink-2,0,4.658,0.006,-66,9.5,7,1013.1,94,25.9
2026-06-02T01:48:02.089886+00:00,stratolink-2,0,4.664,0.006,-67,11.25,7,1013,79,25.9
2026-06-02T01:49:07.087736+00:00,stratolink-2,0,4.658,0.006,-69,10,7,1013.1,-30,25.8
2026-06-02T01:50:12.104797+00:00,stratolink-2,0,4.648,0.006,-61,10.25,7,1013,-42,25.7
2026-06-02T01:51:24.075326+00:00,stratolink-2,0,4.658,0.006,-60,9,7,1013,0,25.8
2026-06-02T01:52:36.107912+00:00,stratolink-2,0,4.662,0.006,-61,9.75,7,1013.1,-4,25.9
2026-06-02T01:53:48.08051+00:00,stratolink-2,0,4.664,0.002,-55,9.25,7,1013.1,9,25.9
2026-06-02T01:54:59.087068+00:00,stratolink-2,0,4.652,0.006,-57,7.25,7,1013.1,4,25.9
2026-06-02T01:56:23.10369+00:00,stratolink-2,0,4.658,0.006,-61,9.25,7,1013.1,-9,26.2
2026-06-02T01:57:18.33947+00:00,stratolink-2,0,4.666,0.092,-55,9.25,7,1013.2,,26.9
2026-06-02T02:02:32.088556+00:00,stratolink-2,0,4.66,0.006,-55,9.75,7,1013.1,-18,25.6
2026-06-02T02:07:52.151058+00:00,stratolink-2,0,4.666,0.006,-59,7.75,7,1013.1,-40,25.5
2026-06-02T02:13:05.142399+00:00,stratolink-2,0,4.66,0.008,-59,9.5,7,1013.1,13,25.4
2026-06-02T02:18:31.19977+00:00,stratolink-2,0,4.662,0.006,-59,10.5,7,1013.2,7,25.6
2026-06-02T02:23:42.070862+00:00,stratolink-2,0,4.658,0.006,-60,9.75,7,1013.3,12,25.1
2026-06-02T02:28:52.087105+00:00,stratolink-2,0,4.668,0.006,-60,10,7,1013.4,-12,25
2026-06-02T02:34:05.09923+00:00,stratolink-2,0,4.66,0.008,-61,9,7,1013.5,0,25
2026-06-02T02:39:14.080414+00:00,stratolink-2,0,4.658,0.006,-51,9.5,7,1013.6,65,24.8
2026-06-02T02:44:30.095536+00:00,stratolink-2,0,4.658,0.004,-51,10.25,7,1013.6,-9,25.1
2026-06-02T02:49:43.095305+00:00,stratolink-2,0,4.66,0.008,-50,7.5,7,1013.8,37,25
2026-06-02T02:55:17.257611+00:00,stratolink-2,0,4.666,0.006,-50,9.25,7,1013.8,,25.4
2026-06-02T03:00:27.098448+00:00,stratolink-2,0,4.664,0.008,-53,9,7,1013.8,-27,24.9
2026-06-02T03:05:38.599949+00:00,stratolink-2,0,4.658,0.006,-52,9.5,7,1013.9,20,24.9
2026-06-02T03:10:52.086768+00:00,stratolink-2,0,4.662,0.006,-53,9.5,7,1013.9,19,24.9
2026-06-02T03:16:09.098278+00:00,stratolink-2,0,4.664,0.006,-53,8.75,7,1014.1,26,24.9
2026-06-02T03:21:19.086985+00:00,stratolink-2,0,4.664,0.006,-53,9.5,7,1014.1,14,24.7
2026-06-02T03:26:35.108803+00:00,stratolink-2,0,4.662,0.006,-53,10,7,1014.1,-11,24.8
2026-06-02T03:31:57.096662+00:00,stratolink-2,0,4.662,0.006,-51,7.5,7,1014.2,377,24.9
2026-06-02T03:37:18.081178+00:00,stratolink-2,0,4.654,0.006,-52,9.25,7,1014.3,118,24.9
2026-06-02T03:42:35.082016+00:00,stratolink-2,0,4.658,0.004,-53,10,7,1014.3,54,24.7
2026-06-02T03:48:09.345363+00:00,stratolink-2,0,4.664,0.006,-52,9.25,7,1014.4,,25.1
2026-06-02T03:53:25.100748+00:00,stratolink-2,0,4.658,0.006,-51,8.75,7,1014.3,29,24.6
2026-06-02T03:58:36.092456+00:00,stratolink-2,0,4.67,0.006,-55,9.5,7,1014.3,81,24.4
2026-06-02T04:04:09.221207+00:00,stratolink-2,0,4.658,0.006,-51,8.75,7,1014.3,,24.9
2026-06-02T04:09:25.114226+00:00,stratolink-2,0,4.664,0.006,-49,9.25,7,1014.4,-1,24.5
2026-06-02T04:14:58.355751+00:00,stratolink-2,0,4.658,0.008,-53,7.25,7,1014.4,,24.9
2026-06-02T04:20:32.201843+00:00,stratolink-2,0,4.664,0.006,-52,10,7,1014.4,,24.9
2026-06-02T04:26:06.356994+00:00,stratolink-2,0,4.658,0.004,-50,9,7,1014.5,,24.9
2026-06-02T04:31:29.108695+00:00,stratolink-2,0,4.658,0.008,-51,9.5,7,1014.5,-165,24.6
2026-06-02T04:36:45.088363+00:00,stratolink-2,0,4.66,0.006,-53,8.5,7,1014.6,165,24.4
2026-06-02T04:42:18.208911+00:00,stratolink-2,0,4.66,0.006,-55,9.25,7,1014.8,,24.7
2026-06-02T04:47:51.348257+00:00,stratolink-2,0,4.654,0.006,-52,9.25,7,1014.8,,24.7
2026-06-02T04:53:03.085855+00:00,stratolink-2,0,4.658,0.008,-51,9.5,7,1014.9,16,24.2
2026-06-02T04:58:16.098408+00:00,stratolink-2,0,4.66,0.006,-51,7.75,7,1014.9,20,24.1
2026-06-02T05:03:32.594404+00:00,stratolink-2,0,4.66,0.008,-53,9.75,7,1015.1,-6,24.2
2026-06-02T05:09:01.233814+00:00,stratolink-2,0,4.666,0.008,-54,9.5,7,1015,39,24.5
2026-06-02T05:14:14.222801+00:00,stratolink-2,0,4.66,0.004,-50,8.75,7,1015.1,18,24.1
2026-06-02T05:19:27.098177+00:00,stratolink-2,0,4.672,0.006,-54,9.25,7,1015.1,12,24.1
2026-06-02T05:24:44.603075+00:00,stratolink-2,0,4.65,0.004,-53,8.75,7,1015.2,117,24.2
2026-06-02T05:29:59.074503+00:00,stratolink-2,0,4.662,0.006,-54,10.5,7,1015.2,13,24.1
2026-06-02T05:35:28.117438+00:00,stratolink-2,0,4.644,0.004,-53,10,7,1015.3,0,24.4
2026-06-02T05:40:44.091014+00:00,stratolink-2,0,4.664,0.006,-53,7.25,7,1015.4,52,24
2026-06-02T05:45:53.106071+00:00,stratolink-2,0,4.664,0.004,-50,9.25,7,1015.5,-12,23.9
2026-06-02T05:51:11.097556+00:00,stratolink-2,0,4.664,0.006,-54,10.25,7,1015.4,22,24.1
2026-06-02T05:56:26.088202+00:00,stratolink-2,0,4.668,0.008,-53,9,7,1015.5,21,24
2026-06-02T06:01:51.074445+00:00,stratolink-2,0,4.664,0.004,-52,9.5,7,1015.5,42,24.1
2026-06-02T06:07:12.091233+00:00,stratolink-2,0,4.66,0.006,-54,9.75,7,1015.5,76,24
2026-06-02T06:12:45.201494+00:00,stratolink-2,0,4.654,0.006,-54,9,7,1015.5,,24.2
2026-06-02T06:18:01.090711+00:00,stratolink-2,0,4.664,0.006,-53,9.5,7,1015.6,35,23.8
2026-06-02T06:23:34.334669+00:00,stratolink-2,0,4.658,0.004,-53,7.25,7,1015.6,,24.2
2026-06-02T06:28:47.093601+00:00,stratolink-2,0,4.664,0.006,-52,9,7,1015.6,-28,23.7
2026-06-02T06:33:58.095971+00:00,stratolink-2,0,4.66,0.006,-53,9.25,7,1015.6,24,23.7
2026-06-02T06:39:24.144+00:00,stratolink-2,0,4.654,0.004,-52,9.25,7,1015.5,82,23.9
2026-06-02T06:44:52.091888+00:00,stratolink-2,0,4.66,0.006,-54,9.25,7,1015.5,-5,24
2026-06-02T06:50:25.340175+00:00,stratolink-2,0,4.664,0.006,-55,9.25,7,1015.6,,24
2026-06-02T06:55:58.363213+00:00,stratolink-2,0,4.664,0.004,-53,10.25,7,1015.6,,24
2026-06-02T07:01:11.09379+00:00,stratolink-2,0,4.67,0.004,-53,9.75,7,1015.6,79,23.5
2026-06-02T07:06:23.084086+00:00,stratolink-2,0,4.66,0.004,-52,7.5,7,1015.5,43,23.4
2026-06-02T07:11:39.336332+00:00,stratolink-2,0,4.66,0.008,-52,9.5,7,1015.6,49,23.5
2026-06-02T07:16:55.083443+00:00,stratolink-2,0,4.66,0.006,-52,9.75,7,1015.6,48,23.4
2026-06-02T07:22:10.090088+00:00,stratolink-2,0,4.664,0.008,-49,9,7,1015.5,27,23.3
2026-06-02T07:27:41.129028+00:00,stratolink-2,0,4.65,0.004,-54,10.25,7,1015.5,0,23.7
2026-06-02T07:32:57.069903+00:00,stratolink-2,0,4.66,0.006,-54,9.25,7,1015.5,22,23.4
2026-06-02T07:38:19.178181+00:00,stratolink-2,0,4.664,0.006,-53,9,7,1015.6,12,23.5
2026-06-02T07:43:29.116427+00:00,stratolink-2,0,4.664,0.006,-51,9.5,7,1015.5,5,23.2
2026-06-02T07:48:42.08107+00:00,stratolink-2,0,4.658,0.006,-50,7.5,7,1015.5,11,23.1
2026-06-02T07:53:57.089845+00:00,stratolink-2,0,4.66,0.006,-52,10,7,1015.6,0,23.2
2026-06-02T07:59:30.356312+00:00,stratolink-2,0,4.662,0.008,-53,9.75,7,1015.7,,23.6
2026-06-02T08:05:01.201092+00:00,stratolink-2,0,4.664,0.004,-53,9.75,7,1015.7,-60,23.5
2026-06-02T08:10:16.096722+00:00,stratolink-2,0,4.664,0.006,-53,10,7,1015.7,-67,23.2
2026-06-02T08:15:45.085776+00:00,stratolink-2,0,4.664,0.004,-54,10,7,1015.7,3,23.5
2026-06-02T08:21:18.078911+00:00,stratolink-2,0,4.664,0.006,-55,9.25,7,1015.7,21,23.6
2026-06-02T08:26:51.349192+00:00,stratolink-2,0,4.65,0.004,-54,10,7,1015.6,,23.5
2026-06-02T08:37:31.281567+00:00,stratolink-2,0,4.664,0.006,-54,9.75,7,1015.6,34,23.4
2026-06-02T08:42:56.590577+00:00,stratolink-2,0,4.66,0.006,-54,9,7,1015.6,-6,23.3
2026-06-02T08:48:11.140975+00:00,stratolink-2,0,4.664,0.004,-55,10.5,7,1015.6,-19,23
2026-06-02T08:53:24.389727+00:00,stratolink-2,0,4.65,0.006,-54,9.5,7,1015.6,39,23
2026-06-02T08:58:41.085728+00:00,stratolink-2,0,4.662,0.006,-55,9,7,1015.5,-13,23
2026-06-02T09:03:52.076916+00:00,stratolink-2,0,4.668,0.006,-54,10.75,7,1015.5,-14,22.8
2026-06-02T09:09:00.07892+00:00,stratolink-2,0,4.67,0.006,-53,9.25,7,1015.4,9,22.8
2026-06-02T09:14:07.08426+00:00,stratolink-2,0,4.65,0.006,-52,7.25,7,1015.3,37,22.7
2026-06-02T09:19:23.103834+00:00,stratolink-2,0,4.67,0.006,-54,10.25,7,1015.2,-18,22.9
2026-06-02T09:24:32.15304+00:00,stratolink-2,0,4.664,0.006,-55,9.25,7,1015.3,19,22.7
2026-06-02T09:29:42.097512+00:00,stratolink-2,0,4.658,0.004,-52,8.75,7,1015.3,-27,22.7
2026-06-02T09:34:52.577606+00:00,stratolink-2,0,4.656,0.006,-55,10,7,1015.4,-49,22.7
2026-06-02T09:40:21.078414+00:00,stratolink-2,0,4.66,0.006,-57,9.75,7,1015.4,105,23.1
2026-06-02T09:45:30.093691+00:00,stratolink-2,0,4.658,0.004,-55,10.25,7,1015.3,-23,22.6
2026-06-02T09:51:01.2077+00:00,stratolink-2,0,4.658,0.006,-51,9.5,7,1015.3,-5,23.1
2026-06-02T09:56:13.09605+00:00,stratolink-2,0,4.666,0.008,-50,7,7,1015.3,2,22.6
2026-06-02T10:01:23.104681+00:00,stratolink-2,0,4.67,0.006,-52,9.5,7,1015.3,-51,22.5
2026-06-02T10:06:32.067217+00:00,stratolink-2,0,4.664,0.006,-55,10.5,7,1015.2,15,22.5
2026-06-02T10:11:38.072451+00:00,stratolink-2,0,4.664,0.006,-53,9.5,7,1015.3,14,22.5
2026-06-02T10:16:48.0923+00:00,stratolink-2,0,4.666,0.004,-52,9.25,7,1015.3,-28,22.5
2026-06-02T10:22:21.330872+00:00,stratolink-2,0,4.658,0.006,-55,10,7,1015.3,,23
2026-06-02T10:27:31.084774+00:00,stratolink-2,0,4.644,0.006,-52,9.5,7,1015.3,-7,22.5
2026-06-02T10:32:38.09566+00:00,stratolink-2,0,4.664,0.006,-53,9.75,7,1015.3,-14,22.4
2026-06-02T10:37:49.104217+00:00,stratolink-2,0,4.66,0.006,-53,7.75,7,1015.3,-19,22.5
2026-06-02T10:42:55.073343+00:00,stratolink-2,0,4.67,0.006,-51,9.5,7,1015.3,-21,22.3
2026-06-02T10:48:05.100123+00:00,stratolink-2,0,4.664,0.006,-51,8.5,7,1015.3,-31,22.4
2026-06-02T10:53:15.096973+00:00,stratolink-2,0,4.664,0.008,-53,10.25,7,1015.2,22,22.4
2026-06-02T10:58:34.327698+00:00,stratolink-2,0,4.668,0.006,-53,9.5,7,1015.2,40,22.6
2026-06-02T11:03:44.087471+00:00,stratolink-2,0,4.666,0.006,-55,9.5,7,1015.2,-119,22.3
2026-06-02T11:08:55.097812+00:00,stratolink-2,0,4.668,0.004,-54,9.25,7,1015.2,-15,22.4
2026-06-02T11:14:01.092063+00:00,stratolink-2,0,4.662,0.006,-49,9.25,7,1015.2,6,22.3
2026-06-02T11:19:32.083684+00:00,stratolink-2,0,4.672,0.006,-51,7.25,7,1015.3,1,22.8
2026-06-02T11:24:42.091167+00:00,stratolink-2,0,4.672,0.008,-52,10.25,7,1015.2,-2,22.3
2026-06-02T11:29:53.097842+00:00,stratolink-2,0,4.664,0.006,-51,8.75,7,1015.3,-109,22.3
2026-06-02T11:35:05.123883+00:00,stratolink-2,0,4.664,0.006,-53,10.25,7,1015.2,49,22.3
2026-06-02T11:40:14.069391+00:00,stratolink-2,0,4.658,0.006,-53,9.25,7,1015.2,-88,22.2
2026-06-02T11:45:47.181293+00:00,stratolink-2,0,4.66,0.004,-53,10,7,1015.3,,22.7
2026-06-02T11:50:57.079479+00:00,stratolink-2,0,4.664,0.004,-51,10,7,1015.3,-55,22.2
2026-06-02T11:56:08.102816+00:00,stratolink-2,0,4.654,0.008,-49,8.5,7,1015.1,-31,22.2
2026-06-02T12:01:23.089643+00:00,stratolink-2,0,4.664,0.006,-51,7.75,7,1015.3,-24,22.2
2026-06-02T12:06:43.089497+00:00,stratolink-2,0,4.666,0.008,-53,10.25,7,1015.4,-9,22.4
2026-06-02T12:11:53.103035+00:00,stratolink-2,0,4.654,0.004,-53,9.5,7,1015.3,-19,22.1
2026-06-02T12:17:05.100517+00:00,stratolink-2,0,4.672,0.006,-51,9.25,7,1015.4,0,22.1
2026-06-02T12:22:24.103842+00:00,stratolink-2,0,4.66,0.002,-54,10,7,1015.3,26,22.2
2026-06-02T12:27:57.224559+00:00,stratolink-2,0,4.66,0.002,-53,9.25,7,1015.5,,22.5
2026-06-02T12:33:31.19111+00:00,stratolink-2,0,4.66,0.006,-53,9.5,7,1015.6,,22.5
2026-06-02T12:38:49.088788+00:00,stratolink-2,0,4.664,0.006,-53,11,7,1015.7,-60,22.2
2026-06-02T12:43:56.09129+00:00,stratolink-2,0,4.656,0.004,-51,7.25,7,1015.7,-20,21.9
2026-06-02T12:49:03.103351+00:00,stratolink-2,0,4.658,0.006,-51,9.25,7,1015.8,11,21.9
2026-06-02T12:54:10.138496+00:00,stratolink-2,0,4.664,0.006,-52,9.25,7,1015.7,-12,21.9
2026-06-02T12:59:17.076195+00:00,stratolink-2,0,4.66,0.004,-51,8.75,7,1015.8,5,21.9
2026-06-02T13:04:26.075206+00:00,stratolink-2,0,4.67,0.008,-51,9.5,7,1015.9,19,21.9
2026-06-02T13:09:42.135582+00:00,stratolink-2,0,4.668,0.006,-53,9.75,7,1015.7,-5,22
2026-06-02T13:14:50.083624+00:00,stratolink-2,0,4.662,0.006,-54,9.5,7,1015.8,-17,21.8
2026-06-02T13:19:57.160982+00:00,stratolink-2,0,4.66,0.004,-51,10,7,1015.9,-12,21.8
2026-06-02T13:25:06.094246+00:00,stratolink-2,0,4.664,0.006,-48,7.75,7,1016,-62,21.8
2026-06-02T13:30:14.110194+00:00,stratolink-2,0,4.662,0.002,-53,9.25,7,1015.9,21,21.8
2026-06-02T13:35:22.112447+00:00,stratolink-2,0,4.67,0.006,-53,10.25,7,1016,-11,21.8
2026-06-02T13:40:39.097503+00:00,stratolink-2,0,4.664,0.006,-52,9.75,7,1016,-3,22
2026-06-02T13:51:02.100139+00:00,stratolink-2,0,4.658,0.004,-54,9.25,7,1016,71,21.9
2026-06-02T13:56:11.109464+00:00,stratolink-2,0,4.664,0.004,-54,10,7,1016,12,21.9
2026-06-02T14:01:29.08281+00:00,stratolink-2,0,4.664,0.004,-52,9.75,7,1016.1,73,22.1
2026-06-02T14:06:39.274418+00:00,stratolink-2,0,4.66,0.004,-51,6.75,7,1016.1,90,22
2026-06-02T14:11:52.10693+00:00,stratolink-2,0,4.658,0.006,-53,9.25,7,1016,128,22.1
2026-06-02T14:17:26.20125+00:00,stratolink-2,0,4.662,0.004,-55,10,7,1015.9,,22.6
2026-06-02T14:22:59.180954+00:00,stratolink-2,0,4.662,0.006,-53,10,7,1015.7,,22.7
2026-06-02T14:28:33.344796+00:00,stratolink-2,0,4.66,0.006,-53,10,7,1016,,22.7
2026-06-02T14:33:52.092013+00:00,stratolink-2,0,4.664,0.004,-55,9.75,7,1016,13,22.4
2026-06-02T14:39:25.243378+00:00,stratolink-2,0,4.664,0.006,-55,9.25,7,1015.9,,22.7
2026-06-02T14:44:35.086251+00:00,stratolink-2,0,4.664,0.006,-51,11,7,1015.9,-5,22.4
2026-06-02T14:49:58.084549+00:00,stratolink-2,0,4.666,0.006,-53,7,7,1015.8,15,22.8
2026-06-02T14:55:05.6877+00:00,stratolink-2,0,4.658,0.006,-49,9,7,1015.6,-5,22.6
2026-06-02T15:00:15.083814+00:00,stratolink-2,0,4.65,0.008,-52,9,7,1015.8,-17,22.7
2026-06-02T15:05:29.069688+00:00,stratolink-2,0,4.664,0.006,-53,9.5,7,1015.9,118,22.7
2026-06-02T15:10:42.093294+00:00,stratolink-2,0,4.66,0.006,-50,9,7,1015.9,16,22.8
2026-06-02T15:15:49.091944+00:00,stratolink-2,0,4.674,0.004,-53,8.25,7,1015.8,-27,22.7
2026-06-02T15:21:16.084436+00:00,stratolink-2,0,4.658,0.006,-54,9.25,7,1015.5,108,23.9
2026-06-02T15:26:34.094531+00:00,stratolink-2,0,4.664,0.006,-53,10.25,7,1015.4,48,23.7
2026-06-02T15:31:45.086478+00:00,stratolink-2,0,4.664,0.006,-49,6.75,7,1015.4,-40,23.4
2026-06-02T15:36:59.089409+00:00,stratolink-2,0,4.664,0.006,-52,9.25,7,1015.5,120,23.8
2026-06-02T15:42:32.381712+00:00,stratolink-2,0,4.658,0.006,-54,9.25,7,1015.3,-49,24.6
2026-06-02T15:47:42.092542+00:00,stratolink-2,0,4.658,0.006,-52,9.25,7,1015.3,25,24.4
2026-06-02T15:52:50.075891+00:00,stratolink-2,0,4.658,0.006,-54,10.25,7,1015.5,-11,24.8
2026-06-02T15:58:04.095544+00:00,stratolink-2,0,4.664,0.004,-55,10,7,1015,-29,25.1
2026-06-02T16:03:13.069175+00:00,stratolink-2,0,4.666,0.006,-52,9.75,7,1014.8,-25,25.7
2026-06-02T16:08:27.079928+00:00,stratolink-2,0,4.666,0.006,-53,10,7,1014.9,58,25.4
2026-06-02T16:13:36.096751+00:00,stratolink-2,0,4.658,0.008,-50,7,7,1014.9,58,26.3
2026-06-02T16:18:49.282767+00:00,stratolink-2,0,4.666,0.008,-53,10.5,7,1015,-90,26.4
2026-06-02T16:23:59.088669+00:00,stratolink-2,0,4.664,0.006,-54,10,7,1014.1,139,27.5
2026-06-02T16:29:32.103443+00:00,stratolink-2,0,4.664,0.006,-54,10,7,1014.6,165,27.1
2026-06-02T16:35:06.192315+00:00,stratolink-2,0,4.66,0.008,-54,10.25,7,1014.2,,27.7
2026-06-02T16:40:40.18007+00:00,stratolink-2,0,4.666,0.006,-54,8.5,7,1014.7,,27.7
2026-06-02T16:45:50.248123+00:00,stratolink-2,0,4.662,0.006,-54,10,7,1015.3,-57,26.5
2026-06-02T16:51:00.083231+00:00,stratolink-2,0,4.658,0.004,-50,8.75,7,1015.8,-32,26.2
2026-06-02T16:56:13.093605+00:00,stratolink-2,0,4.66,0.006,-53,7,7,1015.2,-21,26.8
2026-06-02T17:01:45.196987+00:00,stratolink-2,0,4.672,0.006,-51,10.25,7,1015.8,12,26.9
2026-06-02T17:06:54.093303+00:00,stratolink-2,0,4.664,0.006,-55,9.75,7,1016,35,26.3
2026-06-02T19:41:51.573048+00:00,stratolink-2,0,4.666,3.846,-55,11.75,9,1017.2,,30.9
2026-06-02T19:43:01.489876+00:00,stratolink-2,0,4.664,1.472,-69,11.25,9,1017.2,,31
2026-06-02T20:03:15.350463+00:00,stratolink-2,0,4.658,3.852,-67,13,9,1017.2,-2,29.8
2026-06-02T20:23:28.33094+00:00,stratolink-2,0,4.664,3.864,-67,9,9,1017.3,-16,29.2
2026-06-02T20:43:41.3359+00:00,stratolink-2,0,4.666,3.866,-67,11.5,9,1017.4,-9,29.3
2026-06-02T21:03:54.363762+00:00,stratolink-2,0,4.666,3.97,-67,10.25,9,1017.3,-12,29.2
2026-06-02T21:24:07.353395+00:00,stratolink-2,0,4.654,3.936,-67,10.75,9,1017.2,-4,29
2026-06-02T21:44:23.989394+00:00,stratolink-2,0,4.664,3.712,-64,12,9,1017.1,0,28.1
2026-06-02T22:04:47.328929+00:00,stratolink-2,0,4.658,3.394,-69,11.25,9,1017.1,1,28.1
